district,date,total_demand,growth_rate
East Delhi,2025-04-30,8335,39.8578431372549
Kotputli-Behror,2025-12-31,171,23.428571428571427
Kondagaon,2025-06-30,16942,20.072139303482587
Beawar,2025-12-31,186,19.666666666666668
Khairthal-Tijara,2025-12-31,301,17.8125
Yamuna Nagar,2025-07-31,6181,16.91594202898551
Didwana-Kuchaman,2025-12-31,226,15.142857142857142
Hooghly,2025-09-30,7021,14.098924731182796
Rajnandgaon,2025-06-30,11871,13.015348288075561
Phalodi,2025-12-31,67,12.4
Monghyr,2025-11-30,13,12.0
Ajmer,2025-05-31,4244,11.519174041297935
North 24 Parganas,2025-09-30,10262,11.01639344262295
Dhaulpur,2025-11-30,24,11.0
Kamle,2025-11-30,12,11.0
Balotra,2025-12-31,168,11.0
Jajpur,2025-12-31,23,10.5
Pune,2025-06-30,7749,10.263081395348838
Imphal West,2025-11-30,6625,10.09715242881072
Sawai Madhopur,2025-09-30,1450,9.431654676258994
Panipat,2025-05-31,6310,9.079872204472844
Pherzawl,2025-11-30,10,9.0
Una,2025-09-30,554,8.551724137931034
Ashok Nagar,2025-04-30,2682,8.443661971830986
Bongaigaon,2025-04-30,1335,8.335664335664335
Kulgam,2025-11-30,291,8.09375
Pauri Garhwal,2025-07-31,1626,7.885245901639344
Cuddapah,2025-09-30,1939,7.579646017699115
Amritsar,2025-09-30,2187,7.347328244274809
South 24 Parganas,2025-07-31,15548,7.261424017003188
Sheikpura,2025-12-31,16,7.0
Rewari,2025-04-30,2357,6.962837837837838
Mahasamund,2025-06-30,13608,6.811710677382319
Bankura,2025-09-30,6270,6.5451263537906135
Neemuch,2025-07-31,3850,6.475728155339806
Mohla-Manpur-Ambagarh Chouki,2025-11-30,811,6.372727272727273
Palwal,2025-06-30,5038,6.186875891583452
Tirupati,2025-09-30,618,6.186046511627907
Udaipur,2025-09-30,3365,6.129237288135593
Damoh,2025-06-30,1601,6.021929824561403
Chamarajanagar *,2025-12-31,7,6.0
Bhabua,2025-11-30,7,6.0
Mohalla-Manpur-Ambagarh Chowki,2025-11-30,7,6.0
West Delhi,2025-06-30,11792,5.734437464306111
Hassan,2025-05-31,1367,5.572115384615385
Bid,2025-10-31,583,5.550561797752809
Yamunanagar,2025-11-30,32,5.4
Siang,2025-12-31,64,5.4
K.v. Rangareddy,2025-07-31,6946,5.366636113657195
Kondagaon,2025-11-30,2366,5.292553191489362
Balod,2025-06-30,4136,5.21021021021021
Birbhum,2025-09-30,5701,5.163243243243243
Bishnupur,2025-10-31,2344,5.120104438642298
Jodhpur,2025-07-31,5120,5.0663507109004735
Dima Hasao,2025-12-31,48,5.0
Medinipur,2025-11-30,6,5.0
Deeg,2025-11-30,12,5.0
Bardez,2025-12-31,6,5.0
Dhalai,2025-12-31,1881,4.9525316455696204
Gondiya,2025-10-31,3766,4.94006309148265
Belagavi,2025-06-30,817,4.877697841726619
Hyderabad,2025-06-30,8435,4.869867780097425
Jind,2025-06-30,2741,4.722338204592902
Darjiling,2025-11-30,688,4.68595041322314
Narayanpur,2025-12-31,591,4.6826923076923075
Mahasamund,2025-12-31,6741,4.571074380165289
Amritsar,2025-06-30,5659,4.553483807654564
Shamator,2025-12-31,83,4.533333333333333
Dakshin Bastar Dantewada,2025-11-30,337,4.524590163934426
HOWRAH,2025-11-30,11,4.5
Gondiya *,2025-10-31,132,4.5
Karnal,2025-04-30,779,4.4475524475524475
Surat,2025-11-30,8868,4.447174447174447
Washim,2025-11-30,6470,4.446127946127946
Kaithal,2025-11-30,1226,4.353711790393013
Kabeerdham,2025-12-31,1242,4.353448275862069
Kishtwar,2025-11-30,201,4.2894736842105265
Annamayya,2025-06-30,2896,4.2558983666061705
Cooch Behar,2025-09-30,6501,4.230088495575221
Nanded,2025-10-31,10381,4.208730556949322
Thoubal,2025-11-30,5689,4.181238615664845
Narayanpet,2025-09-30,838,4.172839506172839
Mumbai Suburban,2025-07-31,6113,4.167371090448014
Warangal Urban,2025-05-31,1163,4.146017699115045
Ananthapuramu,2025-05-31,2926,4.142355008787346
Gautam Buddha Nagar,2025-07-31,7723,4.1315614617940195
North East Delhi,2025-11-30,1466,4.10801393728223
Gurgaon,2025-07-31,9558,4.100320170757738
Salumbar,2025-12-31,51,4.1
Visakhapatnam,2025-09-30,3763,4.092016238159675
Karnal,2025-05-31,3931,4.046213093709884
Akola,2025-11-30,7399,4.036759700476515
Raichur,2025-07-31,1377,4.025547445255475
jajpur,2025-11-30,10,4.0
hooghly,2025-12-31,10,4.0
East Kameng,2025-11-30,25,4.0
Churu,2025-07-31,4683,3.976620616365569
Puruliya,2025-09-30,6317,3.9236165237724085
Longleng,2025-12-31,123,3.92
Parbhani,2025-10-31,6114,3.914790996784566
Manendragarh–Chirmiri–Bharatpur,2025-11-30,347,3.887323943661972
Beed,2025-10-31,7091,3.8238095238095235
East Delhi,2025-11-30,2468,3.801556420233463
Sant Ravidas Nagar Bhadohi,2025-11-30,24,3.8
Bikaner,2025-05-31,2455,3.766990291262136
Yanam,2025-12-31,38,3.75
Paschim Medinipur,2025-09-30,8355,3.7150112866817153
Gondia,2025-10-31,80,3.7058823529411766
Pathankot,2025-05-31,975,3.6875
Punch,2025-12-31,1289,3.670289855072464
Nainital,2025-12-31,3274,3.6177715091678424
Pulwama,2025-06-30,434,3.617021276595745
Jalore,2025-11-30,60,3.615384615384615
Tarn Taran,2025-07-31,2676,3.574358974358974
Sonipat,2025-07-31,4052,3.522321428571429
Budgam,2025-12-31,701,3.4935897435897436
Hingoli,2025-11-30,15600,3.4866264020707503
Sahebganj,2025-09-30,2501,3.4820788530465947
North West Delhi,2025-07-31,10633,3.428571428571429
Mohalla-Manpur-Ambagarh Chowki,2025-12-31,31,3.428571428571429
Anakapalli,2025-12-31,1498,3.4188790560471976
Kokrajhar,2025-12-31,2868,3.4055299539170507
Chandrapur,2025-10-31,5695,3.380769230769231
Dhubri,2025-12-31,7955,3.3233695652173916
Punch,2025-07-31,2067,3.315240083507307
Sri Potti Sriramulu Nellore,2025-05-31,1160,3.3122676579925647
Hoshiarpur,2025-07-31,832,3.3108808290155443
Osmanabad,2025-10-31,2713,3.306349206349206
Jind,2025-12-31,2750,3.296875
Ludhiana,2025-07-31,4726,3.296363636363636
Narmada,2025-12-31,1174,3.2690909090909095
South East Delhi,2025-11-30,81,3.2631578947368425
Bastar,2025-11-30,3093,3.260330578512397
Gadchiroli,2025-10-31,2248,3.2495274102079392
Tamenglong,2025-10-31,480,3.2477876106194694
Surajpur,2025-12-31,4628,3.245871559633027
Valsad,2025-11-30,1396,3.2431610942249236
HOOGHLY,2025-12-31,21,3.2
Ratlam,2025-07-31,4216,3.1908548707753477
Sribhumi,2025-12-31,816,3.184615384615385
Dhalai  *,2025-11-30,25,3.166666666666667
Shahdol,2025-06-30,2377,3.1411149825783973
Bajali,2025-12-31,128,3.129032258064516
Mungeli,2025-11-30,2041,3.1232323232323234
Kanker,2025-12-31,3831,3.1149301825993554
Janjgir-champa,2025-12-31,8813,3.0914577530176413
Sambhal,2025-12-31,8139,3.0837932764676363
Datia,2025-12-31,2340,3.0837696335078535
East Jaintia Hills,2025-12-31,220,3.0740740740740744
North Delhi,2025-07-31,6006,3.063599458728011
Banka,2025-09-30,4766,3.035563082133785
Jaisalmer,2025-12-31,1370,3.0175953079178885
Latur,2025-11-30,11743,3.010587431693989
Hawrah,2025-12-31,4,3.0
Pakaur,2025-11-30,132,3.0
Bhiwani,2025-09-30,816,3.0
NADIA,2025-12-31,4,3.0
West Karbi Anglong,2025-11-30,56,3.0
Aurangabad(BH),2025-12-31,4,3.0
Raebareli,2025-12-31,4,3.0
Dima Hasao,2025-11-30,8,3.0
Warangal (urban),2025-10-31,8,3.0
Hnahthial,2025-12-31,4,3.0
Garhwa,2025-11-30,1867,2.9893162393162394
Dantewada,2025-11-30,159,2.975
Darjeeling,2025-09-30,1788,2.9557522123893807
Jalore,2025-12-31,237,2.95
Yavatmal,2025-11-30,19653,2.949557877813505
Pulwama,2025-07-31,1709,2.9377880184331797
Majuli,2025-12-31,318,2.925925925925926
Shrawasti,2025-12-31,5269,2.908753709198813
Uttar Bastar Kanker,2025-11-30,713,2.8961748633879782
Kaimur (Bhabua),2025-09-30,3799,2.8844580777096116
Osmanabad,2025-11-30,10488,2.8658311831920384
Sheikhpura,2025-11-30,948,2.8536585365853657
Panipat,2025-12-31,3675,2.828125
South West Garo Hills,2025-12-31,233,2.819672131147541
Badgam,2025-12-31,1138,2.8187919463087248
Buldana,2025-10-31,1116,2.795918367346939
Tirupati,2025-11-30,810,2.7850467289719627
Tuensang,2025-10-31,299,2.7848101265822787
Subarnapur,2025-12-31,309,2.768292682926829
Baramula,2025-12-31,2500,2.7537537537537538
Bagalkot,2025-09-30,1548,2.74818401937046
Upper Subansiri,2025-12-31,97,2.730769230769231
Nandurbar,2025-05-31,1386,2.715817694369973
Garhwal,2025-12-31,37,2.7
Washim *,2025-11-30,107,2.689655172413793
Anantnag,2025-07-31,1394,2.687830687830688
Tonk,2025-09-30,1416,2.6875
Kolhapur,2025-11-30,11677,2.6812736443883987
Buldhana,2025-11-30,13845,2.680223285486443
Gurgaon,2025-11-30,3285,2.670391061452514
Sibsagar,2025-09-30,517,2.6666666666666665
Sirsa,2025-07-31,2688,2.6373477672530448
Hisar,2025-11-30,1760,2.6363636363636362
Dhamtari,2025-12-31,2974,2.6136087484811665
Surendranagar,2025-12-31,137,2.6052631578947367
Prayagraj,2025-12-31,2589,2.5759668508287294
Gariyaband,2025-11-30,1640,2.5652173913043477
Panchmahals,2025-12-31,3531,2.5630676084762865
Bemetara,2025-12-31,4814,2.5553914327917284
Dhubri,2025-09-30,3206,2.550387596899225
Baksa,2025-12-31,1714,2.541322314049587
South Andaman,2025-12-31,517,2.541095890410959
Gandhinagar,2025-12-31,4014,2.5396825396825395
Pilibhit,2025-11-30,5188,2.534059945504087
Hingoli,2025-10-31,3477,2.52994923857868
Rajnandgaon,2025-12-31,8853,2.528497409326425
Raigarh(MH),2025-10-31,67,2.526315789473684
Rohtak,2025-06-30,1857,2.523719165085389
Krishna,2025-05-31,1929,2.52007299270073
Sirmaur,2025-12-31,1115,2.5173501577287065
West Godavari,2025-05-31,1448,2.5145631067961167
Ramban,2025-12-31,622,2.5141242937853105
Bhopal,2025-07-31,4461,2.5125984251968503
Seraikela-kharsawan,2025-11-30,516,2.510204081632653
Medinipur,2025-12-31,21,2.5
Saitual,2025-11-30,7,2.5
Hojai,2025-12-31,2035,2.4965635738831615
Uttarkashi,2025-12-31,909,2.496153846153846
Surguja,2025-11-30,3365,2.4942886812045693
Dharashiv,2025-12-31,489,2.492857142857143
Lawngtlai,2025-12-31,234,2.4925373134328357
Senapati,2025-11-30,2502,2.489539748953975
Shajapur,2025-06-30,1765,2.4812623274161734
Murshidabad,2025-06-30,8779,2.479587792310741
Sukma,2025-12-31,1595,2.474945533769063
Baudh,2025-12-31,111,2.46875
Kolasib,2025-12-31,163,2.4680851063829787
Bongaigaon,2025-09-30,1435,2.466183574879227
Rajgarh,2025-07-31,2048,2.4653130287648053
Ahmadnagar,2025-11-30,25949,2.452042038047093
Mewat,2025-11-30,1934,2.4412811387900355
Solapur,2025-10-31,8774,2.439435515484124
Ahmed Nagar,2025-10-31,182,2.4339622641509435
Ukhrul,2025-11-30,2005,2.433219178082192
Sirmaur,2025-06-30,1534,2.431767337807606
Shahdara,2025-12-31,1204,2.4301994301994303
South Salmara Mankachar,2025-11-30,574,2.4166666666666665
Patiala,2025-07-31,6675,2.416069600818833
Ahmadnagar,2025-10-31,7517,2.413714804722979
Chamarajanagar,2025-12-31,157,2.4130434782608696
Andamans,2025-12-31,116,2.411764705882353
Jhunjhunu,2025-12-31,392,2.408695652173913
Sabar Kantha,2025-12-31,92,2.4074074074074074
Unakoti,2025-12-31,411,2.396694214876033
Hanumangarh,2025-12-31,3834,2.395925597874225
Uttar Bastar Kanker,2025-12-31,2413,2.3842917251051894
Bilaspur,2025-06-30,9946,2.3818429105746346
Kamrup,2025-12-31,4751,2.379089615931721
Arvalli,2025-12-31,959,2.3767605633802815
Raigad,2025-11-30,1489,2.376417233560091
Mandla,2025-07-31,3077,2.37390350877193
Ahmed Nagar,2025-11-30,613,2.368131868131868
Kra Daadi,2025-12-31,37,2.3636363636363638
Raipur,2025-11-30,2589,2.3536269430051813
Sabarkantha,2025-11-30,1601,2.3493723849372383
Sangli,2025-11-30,7773,2.3403523850451227
Lahaul and Spiti,2025-12-31,10,2.3333333333333335
Amreli,2025-11-30,1026,2.331168831168831
Bahraich,2025-12-31,13078,2.323506988564168
South Delhi,2025-06-30,9563,2.3227936066712993
Vadodara,2025-11-30,3624,2.318681318681319
Sehore,2025-12-31,1729,2.3122605363984676
Amravati,2025-11-30,9879,2.3084393837910246
Amroha,2025-11-30,4246,2.301710730948678
North,2025-11-30,33,2.3
Reasi,2025-12-31,742,2.2977777777777777
Sikar,2025-12-31,5503,2.2932375822860562
Imphal East,2025-11-30,6478,2.2849898580121706
Ballari,2025-05-31,496,2.263157894736842
Siddharthnagar,2025-12-31,9311,2.2544564837469414
Janjgir Champa,2025-11-30,13,2.25
Sahibganj,2025-11-30,169,2.25
Jehanabad,2025-11-30,1754,2.248148148148148
Patan,2025-12-31,2750,2.2467532467532467
Dhamtari,2025-09-30,1772,2.2454212454212454
Deeg ,2025-12-31,175,2.240740740740741
Kota,2025-07-31,3114,2.237006237006237
Porbandar,2025-11-30,498,2.2337662337662336
Chennai,2025-09-30,5053,2.2266922094508304
Marigaon,2025-12-31,4306,2.2206432311144355
East Singhbhum,2025-11-30,2948,2.2148309705561613
North East Delhi,2025-12-31,4701,2.2066848567530695
Barabanki,2025-12-31,577,2.2055555555555557
Niwari,2025-12-31,189,2.2033898305084745
Mahasamund,2025-11-30,1210,2.201058201058201
Nizamabad,2025-07-31,1443,2.199556541019956
Annamayya,2025-12-31,1868,2.1986301369863015
Nuapada,2025-12-31,1462,2.1921397379912664
Ganderbal,2025-12-31,622,2.18974358974359
Dehradun,2025-06-30,3652,2.18673647469459
Deoghar,2025-11-30,2249,2.181046676096181
Chhindwara,2025-11-30,2182,2.1807580174927113
Rudraprayag,2025-12-31,578,2.1758241758241756
Shahdol,2025-12-31,2766,2.1756601607347874
Sant Ravidas Nagar,2025-12-31,3829,2.1749585406301826
Nandurbar,2025-10-31,1807,2.170175438596491
Junagadh,2025-12-31,4101,2.169242658423493
Lohardaga,2025-11-30,756,2.1631799163179917
Leh,2025-12-31,449,2.1619718309859155
Zunheboto,2025-12-31,180,2.1578947368421053
Buldhana,2025-10-31,3762,2.1560402684563758
Haora,2025-11-30,2815,2.155829596412556
Janjgir Champa,2025-12-31,41,2.1538461538461537
Chitradurga,2025-07-31,1016,2.1455108359133126
Saitual,2025-12-31,22,2.142857142857143
Jyotiba Phule Nagar,2025-12-31,88,2.142857142857143
Dhanbad,2025-11-30,4242,2.139896373056995
Korba,2025-12-31,5017,2.139549436795995
Pauri Garhwal,2025-12-31,1808,2.138888888888889
Sakti,2025-11-30,546,2.1379310344827585
Chumukedima,2025-10-31,69,2.1363636363636362
Devbhumi Dwarka,2025-11-30,254,2.1358024691358026
Moradabad,2025-12-31,11293,2.1352026651860077
Burhanpur,2025-07-31,2733,2.1341743119266057
Guntur,2025-06-30,5160,2.1310679611650487
Jiribam,2025-10-31,122,2.128205128205128
Darbhanga,2025-09-30,8108,2.1268800617045893
Jhalawar,2025-12-31,3475,2.125
Kargil,2025-11-30,162,2.1153846153846154
Faridabad,2025-11-30,3812,2.1143790849673203
Umaria,2025-12-31,1255,2.1141439205955335
Lower Subansiri,2025-12-31,56,2.111111111111111
Jamnagar,2025-12-31,4253,2.1089181286549707
Surendra Nagar,2025-11-30,1186,2.1047120418848166
Pandhurna,2025-11-30,62,2.1
Dadra & Nagar Haveli,2025-12-31,31,2.1
Narmada,2025-11-30,275,2.0898876404494384
Agar Malwa,2025-11-30,315,2.088235294117647
Koriya,2025-12-31,3098,2.085657370517928
Palnadu,2025-05-31,983,2.0815047021943576
Kheri,2025-12-31,13742,2.071524362986142
Maihar,2025-11-30,144,2.0638297872340425
Warangal Urban,2025-12-31,781,2.062745098039216
Kargil,2025-12-31,496,2.0617283950617282
Kathua,2025-12-31,1479,2.0557851239669422
K.V.Rangareddy,2025-12-31,55,2.0555555555555554
Hisar,2025-07-31,2179,2.0518207282913163
Dhemaji,2025-12-31,1699,2.050269299820467
Fatehabad,2025-12-31,2447,2.0473225404732256
Mahendragarh,2025-12-31,1763,2.0449050086355784
Shamli,2025-11-30,2470,2.0306748466257667
Dehradun,2025-12-31,5294,2.030337721808815
Ahmedabad,2025-11-30,7525,2.023302531137003
Bijnor,2025-11-30,11423,2.021957671957672
Faridabad,2025-07-31,16741,2.021841155234657
Sonipat,2025-11-30,1290,2.014018691588785
Bijapur,2025-12-31,4108,2.0139398385913427
Sagar,2025-07-31,5116,2.011183048852266
Latehar,2025-11-30,1123,2.0107238605898123
South Delhi,2025-12-31,8647,2.0024305555555557
Mahrajganj,2025-11-30,3,2.0
Haveri *,2025-12-31,87,2.0
Namchi,2025-11-30,18,2.0
Khawzawl,2025-11-30,3,2.0
Lahul and Spiti,2025-11-30,15,2.0
Sabar Kantha,2025-11-30,27,2.0
Gir Somnath,2025-12-31,1181,1.99746192893401
Dausa,2025-12-31,3326,1.9936993699369938
Narmadapuram,2025-12-31,544,1.989010989010989
Karimganj,2025-12-31,4506,1.9880636604774535
Hazaribagh,2025-11-30,2498,1.9880382775119618
Dharwad,2025-07-31,2016,1.9866666666666668
Satara,2025-11-30,9168,1.9814634146341463
Ambala,2025-11-30,941,1.9778481012658227
Tehri Garhwal,2025-12-31,1744,1.971039182282794
Imphal East,2025-10-31,1972,1.9565217391304346
Umaria,2025-06-30,2481,1.9465558194774348
Ananthapuramu,2025-12-31,3394,1.9461805555555554
Aurangabad,2025-09-30,7873,1.9431775700934582
Bikaner,2025-12-31,5022,1.9420035149384884
East Garo Hills,2025-12-31,244,1.9397590361445785
Gurdaspur,2025-07-31,5497,1.9395721925133689
Shupiyan,2025-12-31,487,1.9337349397590362
Tirap,2025-11-30,44,1.9333333333333331
Bageshwar,2025-12-31,521,1.9269662921348316
Central Delhi,2025-12-31,2536,1.9250288350634372
Valsad,2025-09-30,1480,1.924901185770751
Surajpur,2025-09-30,2012,1.9244186046511627
Ganganagar,2025-12-31,3925,1.9203869047619047
Sonitpur,2025-12-31,3761,1.9200310559006213
Chamrajanagar,2025-12-31,1310,1.9175946547884188
Sitamarhi,2025-11-30,6625,1.912087912087912
Ganderbal,2025-11-30,195,1.91044776119403
Banaskantha,2025-12-31,6754,1.9086993970714903
West Godavari,2025-09-30,3042,1.9082217973231357
Jalor,2025-12-31,3161,1.908003679852806
Guna,2025-11-30,1770,1.9064039408866993
Seoni,2025-07-31,5358,1.9024918743228603
Rae Bareli,2025-12-31,8938,1.901948051948052
jajpur,2025-12-31,29,1.9
Washim *,2025-10-31,29,1.9
Chikkaballapur,2025-12-31,2717,1.8996798292422628
Madurai,2025-09-30,2992,1.8964181994191676
Rajkot,2025-11-30,2801,1.890608875128999
Sawai Madhopur,2025-12-31,3205,1.889990982867448
Bhilwara,2025-11-30,3088,1.885981308411215
Jodhpur,2025-12-31,7433,1.878776142525174
Nalbari,2025-12-31,1672,1.8777969018932876
Morbi,2025-12-31,958,1.876876876876877
Raipur,2025-12-31,7441,1.8740826573966785
Sant Kabir Nagar,2025-12-31,5531,1.8732467532467534
Raisen,2025-05-31,884,1.8701298701298703
Nashik,2025-11-30,18945,1.868715929739552
Baloda Bazar,2025-12-31,8637,1.8675298804780875
Anugul,2025-12-31,212,1.864864864864865
Durg,2025-11-30,2296,1.86284289276808
Maihar,2025-12-31,412,1.8611111111111112
Baran,2025-12-31,3053,1.8586142322097379
Karnal,2025-07-31,948,1.8468468468468466
Rohtak,2025-12-31,2109,1.8461538461538463
North Delhi,2025-11-30,994,1.8399999999999999
Jhunjhunun,2025-09-30,1515,1.8370786516853932
Una,2025-12-31,726,1.8359375
Tamenglong,2025-11-30,1361,1.8354166666666667
Lahul & Spiti,2025-11-30,34,1.8333333333333335
Y. S. R,2025-06-30,1122,1.8333333333333335
JAJPUR,2025-12-31,1241,1.8333333333333335
Chatra,2025-11-30,1340,1.8329809725158563
Mahesana,2025-12-31,3781,1.8300898203592815
Garhwa *,2025-11-30,198,1.8285714285714287
Sarangarh-Bilaigarh,2025-12-31,1263,1.825503355704698
Kalimpong,2025-11-30,113,1.8250000000000002
Mahesana,2025-11-30,1336,1.824524312896406
Chatrapati Sambhaji Nagar,2025-12-31,466,1.8242424242424242
Ludhiana,2025-12-31,8279,1.81886278515492
Samstipur,2025-11-30,31,1.8181818181818183
Pilibhit,2025-07-31,8719,1.8153051340006456
Agra,2025-09-30,5405,1.8151041666666665
Central Delhi,2025-11-30,867,1.814935064935065
Tonk,2025-12-31,3163,1.8140569395017794
Seoni,2025-06-30,1846,1.8140243902439024
Pithoragarh,2025-12-31,1528,1.8088235294117645
Nandyal,2025-12-31,1301,1.8038793103448274
Kheda,2025-12-31,4096,1.7978142076502732
Kendrapara,2025-12-31,2614,1.79572192513369
Anand,2025-12-31,3821,1.795171909290417
Jehanabad,2025-09-30,2574,1.794788273615635
Sirsa,2025-12-31,3433,1.7910569105691057
Solapur,2025-11-30,24421,1.783337132436745
Kheda,2025-11-30,1464,1.7832699619771861
South West Delhi,2025-12-31,6883,1.7832591993530125
Alwar,2025-12-31,8585,1.7828200972447328
Jhunjhunun,2025-12-31,4268,1.7822685788787482
Surguja,2025-12-31,9354,1.7797919762258543
Munger,2025-11-30,1737,1.7792
Srikakulam,2025-05-31,1409,1.7790927021696255
Kancheepuram,2025-09-30,4342,1.7779910428662826
Hapur,2025-12-31,3028,1.7728937728937728
Jalna,2025-10-31,2972,1.7723880597014925
Solan,2025-11-30,388,1.7714285714285714
Navsari,2025-12-31,2272,1.770731707317073
Monghyr,2025-12-31,36,1.7692307692307692
Barpeta,2025-12-31,5347,1.7690315898498188
Tirupattur,2025-11-30,393,1.767605633802817
Cuttack,2025-12-31,3586,1.7648419429452584
Charkhi Dadri,2025-11-30,431,1.7628205128205128
Karauli,2025-12-31,3959,1.7627355198883463
Chhotaudepur,2025-11-30,381,1.7608695652173911
East Kameng,2025-12-31,69,1.7599999999999998
Chitradurga,2025-12-31,3374,1.7587898609975472
Samastipur,2025-11-30,8777,1.7540006275494195
Rajnandgaon,2025-11-30,2509,1.7510964912280702
Pashchim Champaran,2025-11-30,66,1.75
Gandhinagar,2025-11-30,1134,1.7457627118644066
Nagaur,2025-12-31,6602,1.7451143451143452
West Delhi,2025-12-31,8853,1.743414936473505
Anantnag,2025-12-31,2421,1.73868778280543
Angul,2025-12-31,2236,1.736842105263158
Korba,2025-07-31,3889,1.7368050668543278
Malda,2025-07-31,4119,1.735059760956175
Jagatsinghapur,2025-12-31,1041,1.7322834645669292
Siddipet,2025-09-30,1600,1.7303754266211606
Chandel,2025-10-31,475,1.7298850574712645
Jajapur,2025-12-31,2123,1.7287917737789202
Anuppur,2025-09-30,543,1.728643216080402
Shi-yomi,2025-11-30,30,1.727272727272727
Mahendragarh,2025-07-31,1789,1.7271341463414633
Godda,2025-11-30,3230,1.7257383966244726
Khammam,2025-09-30,2784,1.7240704500978472
Gulbarga,2025-12-31,2415,1.7226606538895153
Bellary,2025-12-31,2529,1.7222820236813776
Mirzapur,2025-09-30,3065,1.72202486678508
Almora,2025-12-31,1521,1.7209302325581395
Shivamogga,2025-07-31,913,1.7172619047619047
Rajkot,2025-12-31,7596,1.711888611210282
Purba Medinipur,2025-09-30,3479,1.711613406079501
Patiala,2025-12-31,3047,1.7108540925266902
Sirohi,2025-12-31,2633,1.7060637204522098
Vijayanagara,2025-12-31,1063,1.7048346055979642
Arvalli,2025-11-30,284,1.704761904761905
Dadra and Nagar Haveli,2025-11-30,273,1.7029702970297032
Mainpuri,2025-12-31,5405,1.7011494252873565
Diu,2025-12-31,81,1.7000000000000002
North Cachar Hills,2025-09-30,305,1.6991150442477876
Kodagu,2025-12-31,998,1.6972972972972973
Pali,2025-12-31,3954,1.6916269571136828
Junagadh,2025-11-30,1294,1.69022869022869
Kolasib,2025-10-31,86,1.6875
Nagaur,2025-09-30,2329,1.6862745098039214
Seoni,2025-12-31,2858,1.6835680751173707
Gautam Buddha Nagar,2025-12-31,8253,1.6830299089726917
Faridabad,2025-06-30,5540,1.6802128688921143
Ukhrul,2025-10-31,584,1.6788990825688073
Dungarpur,2025-12-31,3899,1.6778846153846154
Balaghat,2025-05-31,2740,1.67578125
Sepahijala,2025-12-31,1418,1.6754716981132076
Wokha,2025-12-31,107,1.6749999999999998
Belgaum,2025-12-31,5471,1.6726917440156326
Dindori,2025-06-30,4261,1.6697994987468672
Anjaw,2025-12-31,40,1.6666666666666665
Tirupathur,2025-11-30,8,1.6666666666666665
Shahjahanpur,2025-11-30,4655,1.6660939289805268
Hassan,2025-12-31,2288,1.6573751451800232
Porbandar,2025-12-31,1323,1.6566265060240966
Kasargod,2025-11-30,162,1.6557377049180326
Srinagar,2025-12-31,3938,1.655428186109238
Kalimpong,2025-12-31,300,1.6548672566371683
Alirajpur,2025-11-30,930,1.6495726495726495
Aligarh,2025-11-30,7526,1.6490672298486446
Nanded,2025-11-30,27496,1.6486850977747807
Moga,2025-12-31,1587,1.645
Belagavi,2025-12-31,3901,1.6447457627118642
North East,2025-12-31,1257,1.6407563025210083
North Goa,2025-11-30,874,1.6404833836858006
Latehar,2025-12-31,2964,1.639358860195904
Bharuch,2025-12-31,3269,1.638418079096045
Dhenkanal,2025-12-31,2327,1.6383219954648527
Devbhumi Dwarka,2025-12-31,669,1.6338582677165356
Balrampur,2025-12-31,11048,1.632356445079819
Pratapgarh,2025-12-31,10560,1.6288274831964151
Rajgarh,2025-12-31,2660,1.6284584980237153
Bhavnagar,2025-12-31,5387,1.6278048780487806
Udham Singh Nagar,2025-12-31,5484,1.6276952563488263
Bhind,2025-11-30,2384,1.6226622662266226
Bhandara,2025-11-30,3799,1.6218081435472738
Nayagarh,2025-12-31,1481,1.6212389380530974
Davanagere,2025-12-31,325,1.620967741935484
Vijayapura,2025-07-31,765,1.6198630136986303
Mahisagar,2025-11-30,275,1.619047619047619
Saharanpur,2025-12-31,11610,1.6136875281404772
Bharatpur,2025-12-31,5848,1.6130473637176048
Bhavnagar,2025-11-30,2050,1.611464968152866
North Tripura,2025-12-31,1206,1.6103896103896105
Chatra,2025-12-31,3496,1.608955223880597
Mandi,2025-12-31,1410,1.6062846580406656
Churu,2025-12-31,4250,1.60257195345989
Khairagarh Chhuikhadan Gandai,2025-12-31,635,1.6024590163934427
Anuppur,2025-11-30,614,1.6016949152542375
Katni,2025-04-30,2885,1.6014427412082957
Chhatarpur,2025-06-30,2159,1.6012048192771084
Banas Kantha,2025-11-30,26,1.6
Bengaluru,2025-12-31,17717,1.599325117370892
Bangalore Rural,2025-12-31,2661,1.5986328125
Amritsar,2025-12-31,5325,1.5962944904924425
North West Delhi,2025-11-30,5667,1.5947802197802199
Goalpara,2025-12-31,3087,1.5941176470588236
Mauganj,2025-11-30,241,1.5913978494623655
Bagalkot *,2025-12-31,132,1.5882352941176472
Mysore,2025-12-31,2065,1.5877192982456139
Mumbai( Sub Urban ),2025-11-30,251,1.5876288659793816
Gumla,2025-12-31,4927,1.5849947534102835
Deeg,2025-12-31,31,1.5833333333333335
Faridkot,2025-12-31,984,1.5826771653543306
Ratnagiri,2025-11-30,4341,1.5808561236623069
Bilaspur,2025-09-30,3914,1.5800922874093604
Bandipore,2025-12-31,954,1.5783783783783782
Pulwama,2025-12-31,1257,1.5758196721311477
Palamau,2025-11-30,170,1.5757575757575757
Pune,2025-11-30,22135,1.5654844691701437
Fazilka,2025-12-31,1608,1.5645933014354068
Arwal,2025-11-30,1041,1.564039408866995
Kachchh,2025-12-31,5110,1.5601202404809618
Bargarh,2025-12-31,2744,1.5573159366262814
Giridih,2025-11-30,3871,1.5568031704095113
Anand,2025-11-30,1367,1.5551401869158878
Muzaffarnagar,2025-11-30,5169,1.5551161641127038
Buldana,2025-11-30,2849,1.5528673835125448
Tirupati,2025-12-31,2067,1.5518518518518518
Kabeerdham,2025-06-30,2914,1.5494313210848643
Dohad,2025-12-31,543,1.5492957746478875
Mandla,2025-12-31,2549,1.549
Karaikal,2025-12-31,499,1.545918367346939
Shivpuri,2025-12-31,4071,1.542785758900687
Banas Kantha,2025-12-31,66,1.5384615384615383
Kishtwar,2025-12-31,510,1.5373134328358211
Amreli,2025-12-31,2601,1.5350877192982457
Bapatla,2025-12-31,1044,1.533980582524272
Mysore,2025-09-30,897,1.5338983050847457
Sheohar,2025-12-31,1986,1.5331632653061225
Darbhanga,2025-11-30,6924,1.530701754385965
Botad,2025-11-30,258,1.5294117647058822
Khandwa,2025-12-31,880,1.528735632183908
Jhansi,2025-12-31,6114,1.5285359801488836
Udalguri,2025-11-30,756,1.528428093645485
Tikamgarh,2025-11-30,1796,1.5260196905766525
Ahmedabad,2025-12-31,19007,1.525847176079734
Kanpur Dehat,2025-12-31,4501,1.5258136924803591
Kurukshetra,2025-11-30,871,1.5246376811594202
Bundi,2025-12-31,2711,1.5195167286245352
Jangaon,2025-12-31,68,1.5185185185185186
Vadodara,2025-12-31,9126,1.5182119205298013
Kota,2025-11-30,2125,1.5177725118483414
Agar Malwa,2025-12-31,793,1.5174603174603174
Rampur,2025-11-30,4116,1.5174311926605504
Darjeeling,2025-11-30,2756,1.51689497716895
Dahod,2025-11-30,1222,1.5144032921810702
Tiruvallur,2025-09-30,3942,1.5124282982791586
Narsimhapur,2025-11-30,221,1.5113636363636362
Ahmadabad,2025-12-31,1012,1.5111662531017371
Prakasam,2025-12-31,9690,1.5110132158590308
Raigarh,2025-11-30,10146,1.5089020771513355
Navsari,2025-11-30,820,1.5076452599388381
Pali,2025-11-30,1469,1.506825938566553
Erode,2025-09-30,2455,1.5051020408163267
Kannauj,2025-12-31,4346,1.5048991354466859
Samba,2025-12-31,348,1.5035971223021583
Bilaspur,2025-12-31,12479,1.502807862013638
Najafgarh,2025-11-30,10,1.5
Dibang Valley,2025-11-30,15,1.5
Rajauri,2025-12-31,5,1.5
Dadra & Nagar Haveli,2025-11-30,10,1.5
Hooghiy,2025-12-31,5,1.5
chittoor,2025-11-30,5,1.5
Dindori,2025-12-31,1422,1.4991212653778558
Patan,2025-11-30,847,1.4985250737463125
Banswara,2025-12-31,4428,1.49746192893401
Kanker,2025-11-30,931,1.4959785522788205
East Godavari,2025-12-31,11432,1.4949803579223047
Dakshin Bastar Dantewada,2025-09-30,237,1.4947368421052634
Sabarkantha,2025-12-31,3994,1.4946908182386007
Sakti,2025-12-31,1362,1.4945054945054945
Jashpur,2025-06-30,3717,1.4912868632707776
Udhampur,2025-12-31,1138,1.490153172866521
North Delhi,2025-12-31,2475,1.4899396378269616
Fatehpur,2025-12-31,8450,1.4896876841484974
Mumbai City,2025-12-31,4339,1.4865329512893983
Raisen,2025-12-31,2486,1.4835164835164836
Tiruppur,2025-09-30,2396,1.4829015544041453
Vizianagaram,2025-09-30,1778,1.4763231197771587
Maharajganj,2025-12-31,8249,1.4727218225419665
Kushinagar,2025-12-31,10675,1.4704929414487387
South Tripura,2025-12-31,2481,1.4686567164179105
Surendra Nagar,2025-12-31,2927,1.4679595278246205
Munger,2025-12-31,4283,1.4657455382843985
Khairagarh Chhuikhadan Gandai,2025-11-30,244,1.4646464646464645
yadgir,2025-12-31,271,1.4636363636363638
Chandigarh,2025-11-30,1667,1.4550810014727542
Chikmagalur,2025-12-31,81,1.4545454545454546
Rohtak,2025-11-30,741,1.4536423841059603
Kalaburagi,2025-12-31,1913,1.4525641025641027
Chirang,2025-12-31,1512,1.4505672609400326
Gomati,2025-12-31,781,1.4482758620689653
Beed,2025-11-30,17360,1.4481737413622904
Senapati,2025-10-31,717,1.4470989761092152
Firozabad,2025-09-30,3856,1.4467005076142132
Prakasam,2025-09-30,3392,1.4455659697188175
Gadag,2025-12-31,1873,1.4451697127937337
Katni,2025-12-31,3144,1.4447900466562986
Panchkula,2025-11-30,924,1.4444444444444446
Namchi,2025-12-31,44,1.4444444444444446
South Salmara Mankachar,2025-12-31,1403,1.4442508710801394
Kulgam,2025-12-31,711,1.4432989690721651
Pathanamthitta,2025-09-30,955,1.4424552429667519
Mahisagar,2025-12-31,671,1.44
Muzaffarpur,2025-11-30,7835,1.4392901618929015
Charkhi Dadri,2025-12-31,1051,1.4385150812064964
Cuddapah,2025-12-31,6253,1.435917413322945
Jagitial,2025-12-31,1093,1.4342984409799553
Morbi,2025-04-30,1263,1.4335260115606938
Bundi,2025-09-30,1484,1.4327868852459016
Chamrajnagar,2025-12-31,238,1.4285714285714284
Jaunpur,2025-12-31,11494,1.4284808789351362
Bangalore,2025-12-31,5258,1.427516158818098
Burhanpur,2025-12-31,847,1.4269340974212033
Tinsukia,2025-12-31,3035,1.4260591526778579
Sri Sathya Sai,2025-12-31,1729,1.4249649368863957
Kalaburagi,2025-09-30,853,1.4232954545454546
Nalbari,2025-09-30,1046,1.4212962962962963
Sindhudurg,2025-11-30,2471,1.41544477028348
Haridwar,2025-12-31,5412,1.4117647058823528
Guna,2025-07-31,4413,1.4101583833970506
Morena,2025-11-30,2552,1.4098205854579793
South West Delhi,2025-07-31,3258,1.4097633136094676
Tapi,2025-11-30,460,1.4083769633507854
Chamba,2025-11-30,643,1.4082397003745317
Raigad,2025-04-30,2321,1.4076763485477177
Nagpur,2025-11-30,9523,1.4066211776598432
Mandya,2025-12-31,2702,1.403914590747331
Muktsar,2025-12-31,423,1.4034090909090908
Dr. B. R. Ambedkar Konaseema,2025-12-31,1169,1.40041067761807
Sri Potti Sriramulu Nellore,2025-12-31,1733,1.4002770083102494
Najafgarh,2025-12-31,24,1.4
Serchhip,2025-11-30,48,1.4
Longding,2025-11-30,48,1.4
South Goa,2025-12-31,1583,1.3984848484848484
Mokokchung,2025-12-31,187,1.3974358974358974
Purbi Singhbhum,2025-11-30,338,1.397163120567376
Ajmer,2025-12-31,5925,1.3968446601941746
North West Delhi,2025-04-30,9136,1.396642182581322
Bundi,2025-11-30,1076,1.3964365256124722
Fatehgarh Sahib,2025-12-31,774,1.3962848297213624
Thiruvallur,2025-11-30,127,1.3962264150943398
Kachchh,2025-11-30,1996,1.3961584633853543
Malerkotla,2025-12-31,474,1.393939393939394
Banaskantha,2025-11-30,2322,1.3938144329896907
Betul,2025-07-31,1955,1.3929008567931458
Kolhapur,2025-09-30,1753,1.3915416098226467
Champhai,2025-12-31,208,1.3908045977011496
Vijayapura,2025-12-31,2366,1.38989898989899
East Champaran,2025-11-30,10374,1.3892215568862274
Basti,2025-12-31,6642,1.3892086330935252
Nagaur,2025-11-30,2405,1.3859126984126986
Mumbai,2025-11-30,8076,1.3844109831709477
Amethi,2025-12-31,5372,1.3801506424457246
Baramula,2025-07-31,766,1.37888198757764
West Jaintia Hills,2025-12-31,314,1.378787878787879
Chittoor,2025-12-31,10405,1.3782857142857141
Kinnaur,2025-12-31,126,1.3773584905660377
Palnadu,2025-12-31,1424,1.377295492487479
Satna,2025-12-31,4048,1.3769817968291251
Eluru,2025-12-31,1492,1.3757961783439492
Pithoragarh,2025-11-30,544,1.3755458515283845
Medchal−malkajgiri,2025-11-30,95,1.375
South Sikkim,2025-12-31,95,1.375
Hailakandi,2025-12-31,1923,1.3740740740740742
Dahod,2025-12-31,2901,1.3739770867430443
Kaimur (Bhabua),2025-12-31,5060,1.3733583489681052
Nadia,2025-12-31,14512,1.3720169990192872
Bokaro,2025-11-30,2433,1.371345029239766
Kohima,2025-12-31,199,1.369047619047619
Yavatmal,2025-10-31,4976,1.3683960019038555
Nagaon,2025-12-31,7904,1.3678849610545236
Pakur,2025-11-30,1491,1.3666666666666667
Sarangarh-Bilaigarh,2025-11-30,447,1.3650793650793651
NUAPADA,2025-12-31,52,1.3636363636363638
Kangra,2025-12-31,2787,1.3618644067796608
Dharmapuri,2025-11-30,1778,1.361221779548473
Tumakuru,2025-12-31,1923,1.3595092024539879
Lalitpur,2025-09-30,1849,1.358418367346939
Yavatmal,2025-09-30,2101,1.3580246913580245
Jaipur,2025-11-30,7015,1.357983193277311
Tumkur,2025-12-31,2327,1.3576494427558257
Kota,2025-12-31,5010,1.3576470588235292
Mayurbhanj,2025-12-31,4692,1.3566047212456054
Tamulpur District,2025-12-31,139,1.3559322033898304
Shajapur,2025-12-31,2113,1.3556298773690076
SAS Nagar (Mohali),2025-11-30,1665,1.355021216407355
Jharsuguda,2025-12-31,1022,1.3548387096774195
Krishnagiri,2025-11-30,2794,1.3518518518518516
Panchkula,2025-07-31,3160,1.3511904761904763
Mandsaur,2025-09-30,1349,1.3501742160278747
Ballari,2025-12-31,1130,1.3492723492723493
S.A.S Nagar(Mohali),2025-12-31,263,1.3482142857142856
Karim Nagar,2025-12-31,108,1.347826086956522
Rampur,2025-12-31,9663,1.3476676384839652
Purnia,2025-12-31,12672,1.3471013150583442
Goalpara,2025-07-31,2642,1.3463587921847249
Khagaria,2025-12-31,5545,1.3456006768189508
Khorda,2025-12-31,2806,1.342237061769616
Koppal,2025-12-31,2239,1.3420502092050208
Harda *,2025-11-30,103,1.3409090909090908
West Nimar,2025-12-31,269,1.3391304347826085
Vikarabad,2025-06-30,1913,1.3386308068459658
Bhagalpur,2025-12-31,11005,1.337014228073901
Lower Dibang Valley,2025-12-31,91,1.3333333333333335
Gopalganj,2025-12-31,8563,1.333242506811989
Balangir,2025-12-31,3076,1.3320697498104623
Jamtara,2025-11-30,1403,1.330564784053156
West Garo Hills,2025-12-31,694,1.3288590604026846
Bagalkot,2025-12-31,3585,1.3279220779220777
North And Middle Andaman,2025-12-31,142,1.3278688524590163
Mathura,2025-11-30,3775,1.3273736128236746
Chhatarpur,2025-12-31,4843,1.3272465160980298
Doda,2025-12-31,1203,1.3268858800773695
Krishna,2025-12-31,8029,1.3258980301274623
Purba Champaran,2025-12-31,100,1.3255813953488373
Mulugu,2025-12-31,765,1.325227963525836
Jagatsinghpur,2025-12-31,525,1.3230088495575223
Yamuna Nagar,2025-12-31,2534,1.3226397800183318
Jhajjar,2025-12-31,2091,1.3207547169811322
Sonipat,2025-04-30,5551,1.3206521739130435
Bathinda,2025-12-31,2456,1.3191690273843246
Dhar,2025-12-31,4369,1.3190021231422504
Shimla,2025-12-31,1363,1.3180272108843538
Tiruvannamalai,2025-09-30,1990,1.3166472642607685
Ahmadabad,2025-11-30,403,1.3160919540229883
Raichur,2025-12-31,3247,1.3159771754636234
Lucknow,2025-12-31,18045,1.3146485377116468
Latur,2025-10-31,2928,1.3146245059288537
Balaghat,2025-12-31,2652,1.3141361256544504
Fatehabad,2025-11-30,803,1.314121037463977
Jashpur,2025-11-30,2638,1.3140350877192981
Thiruvananthapuram,2025-09-30,2356,1.31207065750736
Paschim Bardhaman,2025-12-31,1336,1.3114186851211072
Hisar,2025-12-31,4068,1.3113636363636365
Nawada,2025-12-31,6377,1.3113446901051105
Dholpur,2025-12-31,2852,1.3111831442463533
Mungeli,2025-12-31,4716,1.3106320431161196
West Delhi,2025-11-30,3227,1.309949892627058
Kiphire,2025-12-31,127,1.309090909090909
Puducherry,2025-12-31,1729,1.3084112149532712
Nalanda,2025-11-30,4284,1.3081896551724137
North Sikkim,2025-11-30,30,1.3076923076923075
Ghazipur,2025-12-31,8721,1.3047040169133193
Kinnaur,2025-11-30,53,1.3043478260869565
Sepahijala,2025-11-30,530,1.3043478260869565
Gonda,2025-12-31,8695,1.3033112582781459
Visakhapatnam,2025-11-30,4450,1.3021210553543714
West Nimar,2025-11-30,115,1.2999999999999998
Phek,2025-12-31,92,1.2999999999999998
Jaipur,2025-12-31,16123,1.2983606557377048
Ashok Nagar,2025-11-30,1075,1.2970085470085468
Panipat,2025-11-30,960,1.2966507177033493
Narsinghpur,2025-12-31,1643,1.2946927374301676
Lakhisarai,2025-11-30,2479,1.2932469935245146
Etah,2025-12-31,4941,1.2928074245939674
West,2025-11-30,94,1.292682926829268
Alipurduar,2025-12-31,768,1.292537313432836
Sitapur,2025-12-31,12308,1.2898604651162793
Biswanath,2025-12-31,973,1.2894117647058825
Barwani,2025-12-31,2959,1.2884764114462492
Meerut,2025-12-31,13011,1.2882518466408723
Indore,2025-11-30,4137,1.288163716814159
Siwan,2025-11-30,5116,1.2880143112701252
Virudhunagar,2025-11-30,2496,1.2878093492208982
Ganjam,2025-12-31,7638,1.2875112309074574
Wanaparthy,2025-09-30,1328,1.2857142857142856
Sundergarh,2025-12-31,2545,1.284560143626571
Solan,2025-12-31,886,1.2835051546391751
Chengalpattu,2025-12-31,2486,1.2807339449541284
East Nimar,2025-11-30,408,1.2793296089385473
East Khasi Hills,2025-12-31,1086,1.2767295597484276
Krishna,2025-09-30,3127,1.2741818181818183
Begusarai,2025-12-31,10423,1.2732824427480915
Bidar,2025-12-31,3003,1.2732778198334596
Kendujhar,2025-12-31,3594,1.2732447817836814
East Delhi,2025-12-31,5606,1.2714748784440841
Nandurbar *,2025-11-30,68,1.2666666666666666
Gaurela-pendra-marwahi,2025-11-30,145,1.265625
Narmada,2025-09-30,512,1.2654867256637168
Jalna,2025-11-30,6729,1.2641318977119784
Dakshin Dinajpur,2025-09-30,3907,1.2636152954808808
Kamrup Metro,2025-11-30,1229,1.263351749539595
Chhatrapati Sambhajinagar,2025-12-31,1658,1.26193724420191
Udalguri,2025-12-31,1710,1.2619047619047619
Karbi Anglong,2025-12-31,1780,1.2617534942820838
Mumbai City,2025-11-30,1745,1.2603626943005182
South West Delhi,2025-11-30,2473,1.258447488584475
Banka,2025-11-30,3835,1.257210123602119
Agra,2025-11-30,7644,1.2568644818423382
Rewari,2025-09-30,934,1.256038647342995
Hyderabad,2025-12-31,13861,1.2552879921900422
Churachandpur,2025-11-30,1247,1.2549728752260396
Anuppur,2025-12-31,1384,1.2540716612377851
Kanpur Nagar,2025-12-31,13278,1.2512716174974567
Haveri,2025-12-31,2453,1.2504587155963303
Jalgaon,2025-11-30,12360,1.2501365374112505
Bulandshahar,2025-11-30,45,1.25
Hazaribag,2025-12-31,605,1.2490706319702602
Udaipur,2025-12-31,6641,1.2488994243142568
Sultanpur,2025-12-31,6096,1.247787610619469
Parvathipuram Manyam,2025-12-31,708,1.2476190476190476
Dharwad,2025-12-31,2964,1.2454545454545456
Rajsamand,2025-12-31,2445,1.2451790633608817
Jhargram,2025-12-31,487,1.2442396313364057
Mumbai Suburban,2025-12-31,13781,1.2440970525972967
Chittorgarh,2025-12-31,3231,1.24375
Ramgarh,2025-11-30,1417,1.2420886075949369
Gaurela-pendra-marwahi,2025-12-31,325,1.2413793103448274
Kasganj,2025-11-30,2006,1.2413407821229052
Kakinada,2025-12-31,1951,1.2399540757749712
Noklak,2025-12-31,47,1.2380952380952381
Panchmahals,2025-11-30,991,1.2370203160270878
Mysuru,2025-12-31,2185,1.2364380757420674
Shahdara,2025-11-30,351,1.2356687898089174
Kapurthala,2025-12-31,1283,1.235191637630662
Madhubani,2025-11-30,7700,1.235123367198839
Bhiwani,2025-12-31,2582,1.2335640138408306
Rohtas,2025-12-31,9518,1.2332238385734398
Bhandara,2025-10-31,1449,1.2326656394453006
Hojai,2025-07-31,1714,1.2317708333333335
Ariyalur,2025-12-31,1731,1.2306701030927836
Khowai,2025-12-31,292,1.2290076335877864
Nalgonda,2025-09-30,3674,1.2280169799878715
Sheikhpura,2025-12-31,2112,1.2278481012658227
New Delhi,2025-12-31,323,1.2275862068965515
Gumla,2025-11-30,1906,1.2266355140186915
Chittaurgarh,2025-11-30,129,1.2241379310344827
Srinagar,2025-07-31,1367,1.2227642276422763
Aurangabad(bh),2025-12-31,60,1.2222222222222223
Bilaspur,2025-11-30,4986,1.2219251336898398
North Twenty Four Parganas,2025-12-31,2093,1.221868365180467
Hardwar,2025-12-31,131,1.2203389830508473
Balrampur,2025-11-30,4197,1.2147757255936678
Chhatrapati Sambhajinagar,2025-11-30,733,1.214501510574018
Hathras,2025-12-31,4759,1.212459321245932
Betul,2025-11-30,1349,1.2114754098360656
Durg,2025-09-30,2061,1.2113733905579398
Bhojpur,2025-12-31,8438,1.2100576217915138
Bhadohi,2025-12-31,656,1.208754208754209
Ambala,2025-05-31,1433,1.2080123266563945
Barmer,2025-12-31,3983,1.2078713968957873
Koderma,2025-12-31,1398,1.2050473186119874
Mayiladuthurai,2025-12-31,348,1.2025316455696204
Varanasi,2025-12-31,12672,1.2000000000000002
Lahul and Spiti,2025-12-31,33,1.2000000000000002
Patna,2025-11-30,9174,1.1994725485495086
Sonipat,2025-12-31,2834,1.1968992248062014
South,2025-12-31,246,1.1964285714285716
East Sikkim,2025-12-31,270,1.1951219512195124
Daman,2025-11-30,169,1.1948051948051948
Kaushambi,2025-11-30,2504,1.1945661700262926
Madhepura,2025-11-30,3295,1.1922821024617432
Ranchi,2025-12-31,7195,1.1902587519025873
Deoria,2025-12-31,8937,1.1893679568838804
Davangere,2025-12-31,2128,1.1893004115226335
Y. S. R,2025-11-30,766,1.1885714285714286
Jabalpur,2025-07-31,6477,1.1881756756756756
Gadag *,2025-12-31,70,1.1875
Dharashiv,2025-11-30,140,1.1875
Jammu,2025-12-31,2714,1.1869460112812247
Ramanagar,2025-12-31,1714,1.1862244897959182
Darrang,2025-12-31,2387,1.1838975297346752
Tirupattur,2025-12-31,858,1.1832061068702289
Saran,2025-12-31,12924,1.183108108108108
Hoshangabad,2025-11-30,513,1.1829787234042555
Rangareddy,2025-12-31,382,1.1828571428571428
Visakhapatnam,2025-12-31,9713,1.182696629213483
Chamoli,2025-12-31,875,1.1820448877805485
East,2025-11-30,253,1.1810344827586206
Tarn Taran,2025-12-31,1825,1.1804062126642774
North Cachar Hills,2025-12-31,220,1.1782178217821784
Purba Bardhaman,2025-12-31,1356,1.176565008025682
Koraput,2025-12-31,2516,1.1727115716753023
Udupi,2025-12-31,2184,1.1709741550695827
Chamoli,2025-11-30,401,1.1675675675675676
Upper Siang,2025-12-31,65,1.1666666666666665
East Siang,2025-11-30,91,1.1666666666666665
Jodhpur,2025-11-30,2582,1.1661073825503356
Patna,2025-12-31,19861,1.1649226073686507
Rajkot,2025-05-31,7208,1.1626162616261628
Buxar,2025-12-31,5618,1.1624326404926868
Ratlam,2025-11-30,1680,1.1593830334190232
Valsad,2025-12-31,3013,1.1583094555873927
Vidisha,2025-12-31,2591,1.1573688592839302
Nanded,2025-09-30,1993,1.1569264069264071
Mathura,2025-12-31,8140,1.1562913907284766
Washim,2025-10-31,1188,1.152173913043478
Surguja,2025-09-30,2130,1.1515151515151514
Meerut,2025-11-30,5686,1.151343170639425
Puri,2025-12-31,2590,1.1511627906976742
Lucknow,2025-11-30,7796,1.1482502066685036
Ujjain,2025-12-31,4349,1.1476543209876544
Ujjain,2025-11-30,2025,1.147401908801697
Mirzapur,2025-12-31,6545,1.147309711286089
Siwan,2025-12-31,10974,1.1450351837372947
Ujjain,2025-07-31,3920,1.1385706492089471
Gurdaspur,2025-12-31,2986,1.1359084406294708
Narsimhapur,2025-12-31,472,1.1357466063348416
Kandhamal,2025-12-31,1642,1.1352405721716514
Dakshina Kannada,2025-12-31,4598,1.1346332404828225
Raisen,2025-07-31,1080,1.1343873517786562
Chikkamagaluru,2025-12-31,811,1.1342105263157896
Nalanda,2025-12-31,9136,1.1325863678804855
Saharsa,2025-11-30,2810,1.1320182094081943
Debagarh,2025-12-31,712,1.1317365269461077
Ramanagar,2025-07-31,842,1.131645569620253
Jalandhar,2025-12-31,4215,1.1309403437815977
Rewa,2025-12-31,5583,1.130916030534351
Shimla,2025-11-30,588,1.1304347826086958
Khargone,2025-12-31,2345,1.1298819255222523
Panch Mahals,2025-12-31,66,1.129032258064516
Sundargarh,2025-12-31,796,1.1283422459893049
Pathankot,2025-12-31,838,1.1269035532994924
Baleshwar,2025-12-31,1080,1.1259842519685042
Bengaluru South,2025-12-31,458,1.1203703703703702
Tapi,2025-12-31,975,1.1195652173913042
Lunglei,2025-12-31,286,1.1185185185185187
Alluri Sitharama Raju,2025-12-31,894,1.1184834123222749
N. T. R,2025-12-31,2162,1.117531831537708
Kalahandi,2025-12-31,3399,1.1164383561643834
Kolkata,2025-12-31,9486,1.1159937541824672
Sukma,2025-11-30,459,1.1152073732718892
Zunheboto,2025-10-31,93,1.1136363636363638
Mumbai Suburban,2025-11-30,6141,1.1132140399174122
Damoh,2025-11-30,1364,1.111455108359133
Chandigarh,2025-12-31,3519,1.1109778044391123
Mayiladuthurai,2025-11-30,158,1.1066666666666665
Hoshiarpur,2025-12-31,2256,1.1064425770308124
Sonbhadra,2025-12-31,4497,1.1063231850117097
Neemuch,2025-11-30,796,1.105820105820106
Gaya,2025-12-31,12977,1.105630374817459
North And Middle Andaman,2025-11-30,61,1.103448275862069
Sheopur,2025-12-31,1634,1.102960102960103
Mahbubnagar,2025-12-31,797,1.1029023746701845
Bijnor,2025-07-31,5413,1.1021359223300973
Hugli,2025-12-31,124,1.1016949152542375
Farrukhabad,2025-12-31,6258,1.1014103425117527
Bhilwara,2025-12-31,6484,1.099740932642487
West Tripura,2025-12-31,3446,1.0986601705237513
West Sikkim,2025-12-31,132,1.0952380952380953
Bageshwar,2025-11-30,178,1.0941176470588236
Vaishali,2025-11-30,5936,1.091613812544045
Palamu,2025-11-30,3994,1.0910994764397905
Katihar,2025-11-30,6115,1.0898838004101163
South Tripura,2025-11-30,1005,1.0893970893970892
Jalgaon,2025-10-31,5493,1.0893875998478508
Neemuch,2025-12-31,1663,1.0891959798994977
Aurangabad,2025-11-30,16386,1.088452714759113
Gaya,2025-11-30,6163,1.0884445950525246
Gwalior,2025-12-31,4809,1.0881458966565352
Thanjavur,2025-11-30,3470,1.0865904990980155
South East Delhi,2025-12-31,169,1.0864197530864197
South Delhi,2025-11-30,2880,1.0854453294713977
Ghaziabad,2025-12-31,12103,1.0849267872523685
Coimbatore,2025-12-31,10729,1.084920326467159
Warangal Rural,2025-09-30,940,1.084257206208426
Sangrur,2025-12-31,2311,1.083859332732191
Boudh,2025-12-31,704,1.0828402366863905
Dhar,2025-11-30,1884,1.081767955801105
Shimoga,2025-12-31,1423,1.0804093567251463
Chickmagalur,2025-12-31,990,1.0798319327731094
Ajmer,2025-11-30,2472,1.07905803195963
Muzaffarnagar,2025-12-31,10745,1.0787386341652159
Nawada,2025-11-30,2759,1.0775602409638556
West Nimar,2025-09-30,81,1.076923076923077
Kolar,2025-12-31,2622,1.074367088607595
Sagar,2025-12-31,4735,1.0740254051686375
Baleswar,2025-12-31,2722,1.0715372907153728
South West Khasi Hills,2025-11-30,118,1.0701754385964914
Chittorgarh,2025-09-30,2184,1.0701421800947868
Chandrapur,2025-11-30,11787,1.0697102721685687
Kurukshetra,2025-07-31,1949,1.0668080593849418
Shaheed Bhagat Singh Nagar,2025-12-31,651,1.0666666666666669
Panch Mahals,2025-11-30,31,1.0666666666666669
Bara Banki,2025-11-30,3932,1.0651260504201683
Jamui,2025-11-30,2301,1.063677130044843
Jorhat,2025-12-31,1508,1.0629274965800275
Dhule,2025-10-31,2881,1.0622763063707947
Golaghat,2025-12-31,1927,1.0609625668449199
Surat,2025-12-31,18259,1.058976093820478
Kasganj,2025-12-31,4130,1.0588235294117645
Hamirpur,2025-11-30,2229,1.0581717451523547
Bharuch,2025-11-30,1239,1.058139534883721
Guntur,2025-12-31,10193,1.057944679991924
Charaideo,2025-12-31,681,1.0574018126888216
Kodarma,2025-12-31,296,1.0555555555555554
Kolar,2025-09-30,1157,1.0550621669626996
Ayodhya,2025-11-30,635,1.0550161812297736
Raigad,2025-12-31,3057,1.053055742108798
Lohardaga,2025-12-31,1552,1.052910052910053
Sangli,2025-10-31,2327,1.0520282186948853
Sambalpur,2025-12-31,2097,1.0518590998043051
Sri Potti Sriramulu Nellore,2025-11-30,722,1.0511363636363638
Ananthapur,2025-12-31,2356,1.0504786771105308
Amravati,2025-10-31,2986,1.0494166094715167
Vizianagaram,2025-12-31,4916,1.0491871613172155
Indore,2025-06-30,5517,1.0486446342369105
Thoothukkudi,2025-12-31,3792,1.0475161987041037
Seraikela-Kharsawan,2025-11-30,1304,1.0470957613814758
Anantapur,2025-12-31,5390,1.0470945689327764
Chhatarpur,2025-11-30,2081,1.0421982335623161
Rayagada,2025-12-31,2231,1.041171088746569
Bhojpur,2025-11-30,3818,1.040619989310529
Begusarai,2025-11-30,4585,1.0395907473309607
Bardhaman,2025-12-31,2193,1.0381040892193307
South,2025-11-30,112,1.0363636363636362
Kurnool,2025-12-31,9511,1.0361806893598802
Muzaffarpur,2025-12-31,15949,1.035609444798979
Cachar,2025-12-31,4304,1.0349881796690306
Palwal,2025-12-31,2943,1.0338631651693158
Etawah,2025-11-30,2312,1.031634446397188
Churu,2025-11-30,1633,1.0310945273631842
Birbhum,2025-12-31,10847,1.029373246024322
Bongaigaon,2025-11-30,980,1.028985507246377
Koppal,2025-09-30,1331,1.0289634146341462
Chhotaudepur,2025-12-31,773,1.0288713910761156
Baloda Bazar,2025-11-30,3012,1.0282828282828285
Aizawl,2025-12-31,640,1.0253164556962027
Bastar,2025-12-31,6262,1.024571613320401
Mahabub Nagar,2025-12-31,1168,1.0242634315424608
Gurgaon,2025-12-31,6649,1.024048706240487
Nellore,2025-11-30,3017,1.023474178403756
Prayagraj,2025-11-30,724,1.022346368715084
Kolkata,2025-11-30,4483,1.0221019395579614
Bandipore,2025-11-30,370,1.0218579234972678
Panchkula,2025-12-31,1868,1.0216450216450217
Kullu,2025-12-31,859,1.0211764705882351
Dadra and Nagar Haveli,2025-12-31,551,1.0183150183150182
Shimla,2025-09-30,1227,1.018092105263158
Unnao,2025-11-30,4467,1.016704288939052
Thane,2025-11-30,20650,1.0166015625
Ananthapur,2025-10-31,1103,1.0164533820840949
Moga,2025-09-30,828,1.0145985401459856
Garhwa,2025-12-31,3756,1.0117836100696302
Kamareddy,2025-07-31,1257,1.0112
Coimbatore,2025-11-30,5146,1.0109417741305196
Bhadrak,2025-12-31,3120,1.0103092783505154
Visakhapatnam,2025-06-30,4596,1.0096195889811979
Dindigul,2025-11-30,2538,1.009501187648456
Unnao,2025-12-31,8973,1.0087306917394225
Shamli,2025-12-31,4961,1.0085020242914982
Shivamogga,2025-12-31,1490,1.0080862533692723
Satara,2025-10-31,3075,1.0045632333767927
Kishanganj,2025-11-30,3483,1.0040276179516687
Salumbar,2025-11-30,10,1.0
Hooghiy,2025-11-30,2,1.0
Bengaluru Rural,2025-12-31,4,1.0
Pondicherry,2025-11-30,406,1.0
Garhwal,2025-11-30,10,1.0
Mangan,2025-12-31,6,1.0
Niuland,2025-11-30,14,1.0
Kanchipuram,2025-12-31,2,1.0
South 24 parganas,2025-12-31,2,1.0
West Godavari,2025-12-31,7945,0.9992450931051837
Bareilly,2025-07-31,7227,0.9991701244813278
Baghpat,2025-11-30,1955,0.9989775051124745
Malda,2025-12-31,11372,0.9978917779339425
Nagapattinam,2025-12-31,3649,0.9961706783369804
Botad,2025-12-31,515,0.9961240310077519
Kannur,2025-11-30,3365,0.9958481613285883
Hardoi,2025-12-31,9965,0.995794111756459
Rangareddi,2025-12-31,2083,0.9933014354066985
Bulandshahr,2025-12-31,10213,0.992780487804878
Simdega,2025-12-31,1542,0.9922480620155039
Mandla,2025-11-30,1000,0.9920318725099602
Sri Muktsar Sahib,2025-12-31,1163,0.9914383561643836
Manendragarh–Chirmiri–Bharatpur,2025-12-31,691,0.9913544668587897
Sri Sathya Sai,2025-09-30,382,0.9895833333333333
Sitamarhi,2025-12-31,13165,0.9871698113207548
Agra,2025-12-31,15189,0.9870486656200943
Uttar Dinajpur,2025-05-31,5621,0.9855174849876369
Peddapalli,2025-12-31,798,0.9850746268656716
Lohit,2025-11-30,129,0.9846153846153847
Karur,2025-11-30,1274,0.9844236760124612
Peren,2025-12-31,127,0.984375
Kupwara,2025-12-31,1725,0.9827586206896552
Tumakuru,2025-09-30,678,0.9824561403508771
Betul,2025-12-31,2674,0.9822090437361009
Kawardha,2025-11-30,2329,0.9821276595744681
Gwalior,2025-11-30,2303,0.9819277108433735
Etawah,2025-12-31,4581,0.9814013840830449
Mahoba,2025-12-31,2547,0.9805598755832037
Azamgarh,2025-12-31,11669,0.9804820095044127
Araria,2025-12-31,9471,0.9801379887100146
Chennai,2025-12-31,12547,0.9793342798548668
Bareilly,2025-12-31,14493,0.9785665529010239
The Dangs,2025-12-31,275,0.9784172661870503
Janjgir-champa,2025-07-31,3755,0.9773565034228542
Bapatla,2025-05-31,777,0.9770992366412214
Jamnagar,2025-11-30,1368,0.976878612716763
Jiribam,2025-12-31,156,0.9746835443037976
Srikakulam,2025-11-30,3649,0.9724324324324325
Yadgir,2025-12-31,2185,0.9720216606498195
Mau,2025-12-31,6714,0.9712272460364064
Allahabad,2025-12-31,13712,0.970964496190887
Haridwar,2025-11-30,2244,0.9701492537313432
West Sikkim,2025-11-30,63,0.96875
Bhopal,2025-11-30,2626,0.9685157421289354
Barnala,2025-12-31,960,0.9672131147540983
Khordha,2025-12-31,887,0.9667405764966741
Doda,2025-10-31,281,0.965034965034965
Rewari,2025-11-30,1061,0.9648148148148148
Rampur,2025-06-30,9433,0.96438983756768
Chittaurgarh,2025-12-31,253,0.9612403100775193
North Goa,2025-12-31,1714,0.9610983981693364
Vizianagaram,2025-11-30,2399,0.9599673202614378
Firozabad,2025-11-30,5724,0.9596028757274906
Harda,2025-12-31,380,0.9587628865979381
Arwal,2025-12-31,2039,0.9586935638808838
Balod,2025-12-31,3125,0.9580200501253133
Ranipet,2025-11-30,92,0.9574468085106382
Vidisha,2025-11-30,1201,0.9560260586319218
Kurukshetra,2025-12-31,1703,0.955223880597015
Sangli,2025-09-30,1134,0.9551724137931035
East Champaran,2025-09-30,12421,0.9542164883574575
Kalaburagi,2025-06-30,1629,0.9532374100719425
Nirmal,2025-09-30,1127,0.9532062391681109
Nabarangapur,2025-12-31,2162,0.953026196928636
Howrah,2025-11-30,4951,0.9499803072075621
Singrauli,2025-12-31,2985,0.9497060744611365
Sivaganga,2025-12-31,2802,0.9485396383866482
Mon,2025-12-31,265,0.9485294117647058
Thiruvarur,2025-11-30,1999,0.9464459591041869
West Karbi Anglong,2025-12-31,109,0.9464285714285714
Budaun,2025-12-31,10221,0.9457452884066249
Leh,2025-11-30,142,0.9452054794520548
Balod,2025-11-30,1596,0.9439707673568818
Samastipur,2025-12-31,17058,0.9434886635524666
Puruliya,2025-11-30,6630,0.9420035149384887
Betul,2025-06-30,817,0.9406175771971497
Wardha,2025-11-30,1589,0.9401709401709402
Tenkasi,2025-12-31,809,0.9400479616306954
Nashik,2025-10-31,6604,0.9383621954798944
North Twenty Four Parganas,2025-11-30,942,0.9382716049382716
Guntur,2025-09-30,3873,0.9374687343671837
Dumka,2025-11-30,2102,0.9373271889400923
Pulwama,2025-11-30,488,0.9365079365079365
Kasaragod,2025-12-31,2808,0.9352170916609235
Dewas,2025-11-30,1197,0.9337641357027464
Ambala,2025-12-31,1818,0.9319872476089266
Murshidabad,2025-12-31,19328,0.9300978629918115
Tiruppur,2025-11-30,3476,0.9289678135405106
Mohla-Manpur-Ambagarh Chouki,2025-12-31,1563,0.9272503082614056
Araria,2025-11-30,4783,0.927074939564867
Bidar,2025-09-30,1545,0.92643391521197
West Kameng,2025-12-31,154,0.925
Jamui,2025-12-31,4428,0.9243807040417209
Faridabad,2025-12-31,7329,0.9226128016789088
Giridih,2025-12-31,7442,0.9225006458279514
West Midnapore,2025-11-30,1661,0.9224537037037037
Rayagada,2025-11-30,1093,0.9209138840070299
Bangalore Rural,2025-06-30,2508,0.9203675344563553
Madurai,2025-11-30,4700,0.9199346405228759
Uttara Kannada,2025-12-31,2077,0.9195933456561922
North East,2025-11-30,476,0.9193548387096775
Chamba,2025-12-31,1234,0.9191290824261276
Kaushambi,2025-12-31,4804,0.9185303514376997
Lakhisarai,2025-09-30,1939,0.9179030662710188
Gaya,2025-09-30,10857,0.9175203108442247
Sri Sathya Sai,2025-11-30,713,0.9166666666666667
Rajgarh,2025-11-30,1012,0.9166666666666667
Malappuram,2025-11-30,8812,0.9164854284471509
East Godavari,2025-07-31,2073,0.9141274238227146
Ambedkar Nagar,2025-12-31,5672,0.9116953151331311
Bulandshahar,2025-12-31,86,0.9111111111111112
Bid,2025-11-30,1114,0.9108061749571184
Changlang,2025-12-31,235,0.910569105691057
Nagarkurnool,2025-09-30,961,0.9105367793240557
Idukki,2025-12-31,1450,0.9104084321475625
Durg,2025-12-31,4376,0.9059233449477353
Auraiya,2025-11-30,1728,0.9051819184123484
West Champaran,2025-11-30,9540,0.9049520766773163
Tenkasi,2025-09-30,337,0.9039548022598871
Tiruchirappalli,2025-12-31,5864,0.9032781564427135
Tamulpur District,2025-11-30,59,0.903225806451613
Gariyaband,2025-12-31,3121,0.9030487804878049
Gorakhpur,2025-12-31,12561,0.9017411052233157
North 24 Parganas,2025-12-31,21348,0.9003026526615632
East Champaran,2025-12-31,19711,0.9000385579332948
Rewari,2025-12-31,2015,0.8991517436380774
Khowai,2025-11-30,131,0.8985507246376812
Sidhi,2025-12-31,2477,0.8980842911877394
Kallakurichi,2025-12-31,960,0.8972332015810276
Longding,2025-12-31,91,0.8958333333333333
Chitrakoot,2025-12-31,2470,0.8941717791411044
Gautam Buddha Nagar,2025-11-30,3076,0.8940886699507389
Yamuna Nagar,2025-11-30,1091,0.8908145580589255
Karnal,2025-12-31,1962,0.8901734104046244
Saran,2025-11-30,5920,0.8895627194382381
Hoshangabad,2025-12-31,969,0.8888888888888888
SAS Nagar (Mohali),2025-12-31,3145,0.8888888888888888
Lower Siang,2025-11-30,17,0.8888888888888888
Lalitpur,2025-12-31,2432,0.886733902249806
Ambedkar Nagar,2025-11-30,2967,0.8862047043865227
Champawat,2025-12-31,835,0.8848758465011286
Salem,2025-12-31,8036,0.8832903679400046
Chittoor,2025-07-31,5534,0.8816729003740225
Y. S. R,2025-12-31,1441,0.8812010443864229
North West Delhi,2025-12-31,10660,0.8810658196576673
Cuddalore,2025-11-30,3577,0.8806519453207151
Bijnor,2025-05-31,7237,0.8797402597402597
East Siang,2025-12-31,171,0.8791208791208791
Khunti,2025-12-31,1375,0.8784153005464481
Tinsukia,2025-11-30,1251,0.8783783783783783
Fatehpur,2025-11-30,3394,0.877212389380531
Jhabua,2025-12-31,3103,0.8771929824561404
Narmadapuram,2025-11-30,182,0.8762886597938144
Shamator,2025-11-30,15,0.875
Kupwara,2025-07-31,1728,0.8741865509761388
Chatrapati Sambhaji Nagar,2025-10-31,103,0.8727272727272728
Jalaun,2025-11-30,2494,0.8723723723723724
Erode,2025-11-30,2870,0.8721461187214612
Akola,2025-10-31,1469,0.8713375796178344
Vaishali,2025-12-31,11107,0.8711253369272238
Auraiya,2025-12-31,3233,0.8709490740740742
Dakshin Dinajpur,2025-12-31,4268,0.8702892199824714
Purba Champaran,2025-11-30,43,0.8695652173913044
Medchal-malkajgiri,2025-12-31,5367,0.8693834900731452
Khunti,2025-11-30,732,0.8673469387755102
Ramgarh,2025-12-31,2645,0.8666196189131969
Srikakulam,2025-12-31,6810,0.8662647300630311
Shahjahanpur,2025-12-31,8687,0.8661654135338346
Rajouri,2025-11-30,694,0.8655913978494623
Nagaon,2025-11-30,3338,0.8648044692737431
Chennai,2025-11-30,6339,0.8622209165687427
Indore,2025-12-31,7703,0.861977278220933
Supaul,2025-12-31,6293,0.8618343195266271
Dibrugarh,2025-12-31,1727,0.8609913793103448
Kancheepuram,2025-07-31,1563,0.8585017835909632
Damoh,2025-12-31,2533,0.8570381231671553
Mau,2025-11-30,3406,0.8561307901907358
Erode,2025-12-31,5327,0.8560975609756099
East Nimar,2025-12-31,757,0.8553921568627452
West Singhbhum,2025-12-31,3985,0.8552141527001862
Kanpur Nagar,2025-11-30,5898,0.8535512256442488
Barddhaman,2025-09-30,9585,0.8511008111239862
Tiruvallur,2025-11-30,4835,0.851071975497703
Ranchi,2025-11-30,3285,0.8507042253521127
Sonapur,2025-12-31,842,0.8505494505494506
Jashpur,2025-12-31,4878,0.849128127369219
South Twenty Four Parganas,2025-09-30,1763,0.8460732984293193
Rupnagar,2025-12-31,869,0.8450106157112527
Bhopal,2025-12-31,4843,0.8442498095963442
Jalgaon,2025-09-30,2629,0.8436185133239831
Palghar,2025-11-30,6006,0.843462246777164
Bongaigaon,2025-12-31,1806,0.8428571428571427
Dharmapuri,2025-12-31,3276,0.8425196850393701
Pathankot,2025-11-30,394,0.8411214953271029
Gir Somnath,2025-11-30,394,0.8411214953271029
Shrawasti,2025-09-30,2413,0.8405797101449275
Kamrup Metro,2025-12-31,2262,0.8405207485760782
Doda,2025-11-30,517,0.8398576512455516
Ahmedabad,2025-07-31,4239,0.8382480485689505
Murshidabad,2025-07-31,16129,0.8372251964916277
Maharajganj,2025-11-30,3336,0.8370044052863437
Yadgir,2025-11-30,1108,0.8344370860927153
Ballia,2025-12-31,6725,0.8344244408074195
Mandsaur,2025-12-31,2300,0.8341307814992025
NUAPADA,2025-11-30,22,0.8333333333333333
Samba,2025-11-30,139,0.8289473684210527
Wayanad,2025-11-30,1121,0.8287112561174552
Una,2025-11-30,256,0.8285714285714285
Kancheepuram,2025-11-30,4803,0.8262357414448669
Theni,2025-11-30,1668,0.824945295404814
Perambalur,2025-12-31,1261,0.8248914616497829
Karur,2025-09-30,854,0.8247863247863247
Bokaro,2025-12-31,4439,0.8244965063707357
Madhepura,2025-12-31,6007,0.8230652503793627
Nellore,2025-12-31,5493,0.8206827974809414
Suryapet,2025-09-30,1964,0.820203892493049
Jehanabad,2025-12-31,3191,0.8192702394526796
Murshidabad,2025-05-31,2523,0.8190338860850757
Mewat,2025-12-31,3518,0.8190279214064116
Dimapur,2025-12-31,673,0.818918918918919
Rewa,2025-09-30,2757,0.8186015831134565
Allahabad,2025-11-30,6957,0.8183481442760063
Khagaria,2025-11-30,2364,0.8170637970791699
Gadchiroli,2025-07-31,1112,0.8169934640522876
Malappuram,2025-12-31,16008,0.8166137085792102
Sawai Madhopur,2025-11-30,1109,0.8120915032679739
Tikamgarh,2025-12-31,3254,0.811804008908686
Morbi,2025-11-30,333,0.8097826086956521
Kolhapur,2025-10-31,3172,0.809469480889903
Panchkula,2025-05-31,1344,0.8088829071332435
Purnea,2025-11-30,132,0.8082191780821917
East Godavari,2025-09-30,3748,0.8080077182826821
Hapur,2025-11-30,1092,0.8079470198675496
Pudukkottai,2025-12-31,3893,0.8073351903435468
Karauli,2025-11-30,1433,0.8070617906683482
West Champaran,2025-12-31,17236,0.8067085953878406
Bara Banki,2025-12-31,7102,0.8062054933875891
Tiruvannamalai,2025-11-30,2635,0.8060315284441397
Gopalganj,2025-11-30,3670,0.8043264503441494
Karimnagar,2025-12-31,5690,0.8040583386176283
Madhubani,2025-12-31,13884,0.8031168831168831
Farrukhabad,2025-11-30,2978,0.8026634382566586
Sindhudurg,2025-10-31,1023,0.801056338028169
Shivpuri,2025-11-30,1601,0.8008998875140607
ANUGUL,2025-11-30,9,0.8
Kushinagar *,2025-12-31,9,0.8
Baramula,2025-11-30,666,0.8
Vidisha,2025-04-30,2520,0.8
Kancheepuram,2025-12-31,8627,0.7961690610035395
Pakaur,2025-12-31,237,0.7954545454545454
Narsinghpur,2025-11-30,716,0.794486215538847
Champawat,2025-11-30,443,0.7935222672064777
Karimganj,2025-09-30,1250,0.793400286944046
Ghaziabad,2025-11-30,5805,0.7933271547729379
Sagar,2025-11-30,2283,0.791993720565149
Dhaulpur,2025-12-31,43,0.7916666666666667
Palwal,2025-11-30,1447,0.7908415841584158
Mahesana,2025-09-30,1741,0.7893114080164441
West Godavari,2025-11-30,3974,0.7884788478847884
Sahebganj,2025-11-30,2497,0.7861230329041489
Hooghly,2025-12-31,13574,0.7860526315789473
Biswanath,2025-11-30,425,0.7857142857142858
Namakkal,2025-11-30,2166,0.7856553998351195
Bareilly,2025-11-30,7325,0.7818049136463148
Hazaribagh,2025-12-31,4450,0.7814251401120897
Kawardha,2025-12-31,4147,0.7805925289823958
Faizabad,2025-12-31,4946,0.7804175665946724
Katihar,2025-12-31,10882,0.7795584627964023
Leh,2025-09-30,80,0.7777777777777777
Gorakhpur,2025-11-30,6605,0.7769706752757599
Chandrapur,2025-09-30,1300,0.7759562841530054
Kanniyakumari,2025-11-30,1481,0.775779376498801
Alappuzha,2025-09-30,1400,0.7721518987341771
Ayodhya,2025-12-31,1125,0.7716535433070866
Kolar,2025-11-30,1264,0.7703081232492996
Jaipur,2025-05-31,4444,0.7684042976522085
Bhiwani,2025-11-30,1156,0.7675840978593271
Dungarpur,2025-11-30,1456,0.766990291262136
Chittorgarh,2025-11-30,1440,0.7668711656441718
Raigarh,2025-07-31,2727,0.7650485436893204
Jabalpur,2025-11-30,2508,0.7612359550561798
Lohit,2025-12-31,227,0.7596899224806202
Hazaribag,2025-11-30,269,0.7581699346405228
Cuddalore,2025-12-31,6288,0.7578976796197932
East Sikkim,2025-11-30,123,0.7571428571428571
Udham Singh Nagar,2025-11-30,2087,0.7567340067340067
Theni,2025-12-31,2928,0.7553956834532374
Y. S. R,2025-04-30,667,0.7552631578947369
Rajouri,2025-12-31,1218,0.755043227665706
Panna,2025-12-31,2214,0.7543581616481776
Nagpur,2025-07-31,2207,0.7501982553528945
Jhargram,2025-11-30,217,0.75
Shajapur,2025-11-30,897,0.7485380116959064
East,2025-12-31,442,0.7470355731225296
Mandi,2025-11-30,541,0.7451612903225806
Kozhikode,2025-11-30,5034,0.7424714434060229
Banka,2025-12-31,6682,0.7423728813559323
Sindhudurg,2025-09-30,568,0.7423312883435582
Baghpat,2025-12-31,3406,0.7421994884910486
Adilabad,2025-09-30,2571,0.7406905890318212
Buxar,2025-11-30,2598,0.7389558232931728
Tirunelveli,2025-11-30,3440,0.7382516422435574
Sivaganga,2025-11-30,1438,0.7367149758454106
Thrissur,2025-12-31,5802,0.7366058066447172
Alappuzha,2025-12-31,3750,0.7361111111111112
Nizamabad,2025-12-31,4348,0.7357285429141716
Belagavi,2025-09-30,1384,0.7343358395989974
The Nilgiris,2025-11-30,755,0.7316513761467891
Tiruvallur,2025-12-31,8370,0.7311271975180973
Yamuna Nagar,2025-04-30,1161,0.7302533532041728
Lakshadweep,2025-11-30,83,0.7291666666666667
Ranipet,2025-12-31,159,0.7282608695652173
Adilabad,2025-12-31,4612,0.7279880104908205
Panna,2025-07-31,1158,0.7257824143070044
Lalitpur,2025-11-30,1289,0.7255689424364122
Korba,2025-06-30,1421,0.7245145631067962
Palamau,2025-12-31,293,0.723529411764706
Pune,2025-09-30,6810,0.7231781376518218
Sirsa,2025-11-30,1230,0.7226890756302522
West Siang,2025-11-30,136,0.7215189873417722
Bemetara,2025-11-30,1354,0.7204574332909783
Shahjahanpur,2025-07-31,12439,0.7197566708143233
Darjeeling,2025-12-31,4736,0.7184325108853411
Barddhaman,2025-12-31,13078,0.7173998686802363
Kakching,2025-11-30,211,0.7154471544715446
Kanyakumari,2025-12-31,1278,0.7154362416107383
Dakshin Bastar Dantewada,2025-12-31,578,0.71513353115727
Perambalur,2025-11-30,691,0.7146401985111663
Kishanganj,2025-12-31,5970,0.7140396210163653
Sonipat,2025-06-30,896,0.7131931166347993
Kamrup,2025-11-30,1406,0.7125456760048721
Pratapgarh,2025-09-30,5421,0.7122552116234997
Maldah,2025-11-30,1124,0.7108066971080669
Ashok Nagar,2025-12-31,1838,0.7097674418604651
Sant Ravidas Nagar Bhadohi,2025-12-31,41,0.7083333333333333
Mumbai,2025-12-31,13772,0.7052996532937097
Tirap,2025-12-31,75,0.7045454545454546
Thanjavur,2025-12-31,5901,0.7005763688760807
Thiruvananthapuram,2025-11-30,3736,0.7005006827492035
Purba Medinipur,2025-07-31,1283,0.6993377483443708
The Nilgiris,2025-12-31,1283,0.6993377483443708
Mansa,2025-12-31,880,0.6988416988416988
Bikaner,2025-11-30,1707,0.6968190854870775
Chandauli,2025-11-30,4040,0.6967660646787064
Vellore,2025-11-30,3851,0.6964757709251101
Khargone,2025-11-30,1101,0.6964560862865947
Gadchiroli,2025-11-30,3812,0.695729537366548
Khammam,2025-12-31,5689,0.6926509967271646
Kollam,2025-12-31,5157,0.6924844108959631
Rajanna Sircilla,2025-12-31,785,0.6918103448275863
Koderma,2025-11-30,634,0.6906666666666668
Purnia,2025-11-30,5399,0.6903569192235441
Barddhaman,2025-11-30,7615,0.6895939649434213
Ernakulam,2025-12-31,6109,0.6894358407079646
Mancherial,2025-12-31,2084,0.6888168557536467
Pratapgarh,2025-11-30,4017,0.6871062578748426
Purba Medinipur,2025-11-30,4119,0.6867321867321867
Kachchh,2025-07-31,3712,0.6865061335756475
Niwari,2025-11-30,59,0.6857142857142857
Varanasi,2025-11-30,5760,0.6856892010535558
Medchal−malkajgiri,2025-12-31,160,0.6842105263157894
Jangaon,2025-09-30,32,0.6842105263157894
Ahmedabad,2025-09-30,7138,0.6838877093654163
Chitrakoot,2025-11-30,1304,0.6825806451612904
Thiruvarur,2025-12-31,3362,0.68184092046023
Dimapur,2025-11-30,370,0.6818181818181819
Dewas,2025-12-31,2011,0.6800334168755222
Kullu,2025-11-30,425,0.6798418972332017
Budgam,2025-11-30,156,0.6774193548387097
Kannur,2025-12-31,5643,0.6769687964338782
Papum Pare,2025-12-31,268,0.675
Dhamtari,2025-11-30,823,0.6727642276422765
Srinagar,2025-11-30,1483,0.6719278466741827
Saharsa,2025-12-31,4695,0.6708185053380782
Deoghar,2025-12-31,3756,0.6700755891507337
Palakkad,2025-12-31,4815,0.6683991683991684
Pudukkottai,2025-11-30,2154,0.6671826625386996
Kushinagar *,2025-11-30,5,0.6666666666666667
North Garo Hills,2025-11-30,90,0.6666666666666667
Warangal (urban),2025-12-31,10,0.6666666666666667
Dibang Valley,2025-12-31,25,0.6666666666666667
Kangra,2025-11-30,1180,0.6666666666666667
Jangoan,2025-12-31,1090,0.6641221374045803
Wardha,2025-12-31,2644,0.6639395846444305
Indore,2025-07-31,9179,0.6637665397861157
Pathanamthitta,2025-12-31,2237,0.6631970260223048
Tenkasi,2025-11-30,417,0.6613545816733069
Wardha,2025-10-31,819,0.6612576064908722
Viluppuram,2025-11-30,2030,0.6612111292962357
Vellore,2025-12-31,6396,0.660867307192937
Kohima,2025-10-31,189,0.6578947368421053
Ramanathapuram,2025-12-31,2681,0.6569839307787393
Palakkad,2025-11-30,2886,0.6557659208261617
Chhindwara,2025-06-30,2695,0.6554054054054055
Jalandhar,2025-11-30,1978,0.6552301255230126
Salem,2025-11-30,4267,0.6551590380139642
Sirohi,2025-11-30,973,0.6547619047619047
Barpeta,2025-11-30,1931,0.6546700942587833
Krishnagiri,2025-12-31,4623,0.6546170365068003
Nandyal,2025-05-31,1484,0.6544035674470456
Ramban,2025-11-30,177,0.6542056074766356
Sehore,2025-06-30,1505,0.6538461538461537
Tehri Garhwal,2025-11-30,587,0.6535211267605634
West Khasi Hills,2025-12-31,314,0.6526315789473685
Purba Bardhaman,2025-11-30,623,0.6525198938992043
Ganjam,2025-11-30,3339,0.6521523998020782
Maldah,2025-12-31,1857,0.6521352313167259
Sangareddy,2025-11-30,1508,0.6516976998904709
Ratnagiri,2025-10-31,1682,0.6506378802747792
Mahabubnagar,2025-12-31,5486,0.6504211793020458
Dumka,2025-12-31,3469,0.6503330161750713
Palnadu,2025-11-30,599,0.6501377410468319
Tirunelveli,2025-12-31,5673,0.6491279069767442
East Midnapore,2025-11-30,1352,0.648780487804878
Nagapattinam,2025-11-30,1828,0.6468468468468469
Srikakulam,2025-06-30,2319,0.6458481192334988
Udaipur,2025-11-30,2953,0.6442093541202674
North 24 Parganas,2025-11-30,11234,0.6433586892919836
K.v. Rangareddy,2025-12-31,11100,0.6429840142095915
Niuland,2025-12-31,23,0.6428571428571428
Pauri Garhwal,2025-11-30,576,0.6363636363636365
Namakkal,2025-12-31,3544,0.6361957525392428
Jammu,2025-09-30,1119,0.6359649122807018
Banda,2025-11-30,3285,0.6359561752988048
Mahasamund,2025-05-31,1742,0.6356807511737088
Y. S. R,2025-07-31,1835,0.6354723707664884
Azamgarh,2025-11-30,5892,0.6353039134054954
Dindori,2025-11-30,569,0.6350574712643677
Kanniyakumari,2025-12-31,2421,0.6347062795408507
Karur,2025-12-31,2081,0.6334379905808478
Wokha,2025-10-31,49,0.6333333333333333
Medak,2025-12-31,4652,0.6322807017543859
Kallakurichi,2025-11-30,506,0.6322580645161291
Gadchiroli,2025-06-30,612,0.6319999999999999
Tiruchirappalli,2025-11-30,3081,0.6318855932203389
Yadadri.,2025-12-31,1670,0.630859375
Medchal-malkajgiri,2025-07-31,4462,0.6308479532163742
Nawada,2025-09-30,6323,0.6300592936323794
Darbhanga,2025-12-31,11278,0.6288272674754478
Ferozepur,2025-12-31,1065,0.628440366972477
Kollam,2025-11-30,3047,0.6276709401709402
Mancherial,2025-10-31,1302,0.6275
Nagaon,2025-09-30,4478,0.6271802325581395
Warangal,2025-11-30,3046,0.6245333333333334
Pashchimi Singhbhum,2025-10-31,372,0.6244541484716157
Villupuram,2025-11-30,2178,0.6241610738255035
Bhadohi,2025-11-30,297,0.6229508196721312
Purbi Singhbhum,2025-12-31,547,0.6183431952662721
Bemetara,2025-05-31,2877,0.6181102362204725
Barmer,2025-11-30,1804,0.6150402864816473
Paschim Bardhaman,2025-11-30,578,0.6145251396648044
Kottayam,2025-11-30,1895,0.6141396933560477
Unakoti,2025-11-30,121,0.6133333333333333
Jabalpur,2025-12-31,4044,0.6124401913875599
Hasan,2025-12-31,852,0.6105860113421551
Jammu,2025-11-30,1241,0.6095979247730221
Alappuzha,2025-11-30,2160,0.6095380029806259
Siddipet,2025-12-31,1940,0.6086235489220564
East Midnapore,2025-12-31,2174,0.6079881656804733
Murshidabad,2025-11-30,10014,0.6066099791432698
Kurukshetra,2025-04-30,943,0.606473594548552
Katni,2025-11-30,1286,0.6054931335830211
Thane,2025-07-31,13582,0.6054373522458629
Thane,2025-05-31,8441,0.6044478236076791
Kaithal,2025-12-31,1967,0.6044045676998369
Dindigul,2025-12-31,4069,0.6032308904649331
Kupwara,2025-11-30,870,0.6022099447513811
Chatrapati Sambhaji Nagar,2025-11-30,165,0.6019417475728155
Uttara Kannada,2025-11-30,1082,0.6005917159763314
Thiruvananthapuram,2025-12-31,5979,0.6003747323340471
Darrang,2025-11-30,1093,0.6002928257686677
Chikkaballapur,2025-11-30,937,0.598976109215017
Karnal,2025-11-30,1038,0.5969230769230769
Warangal,2025-12-31,4861,0.5958634274458305
Kozhikode,2025-12-31,8028,0.5947556615017879
Rohtas,2025-09-30,6858,0.5945129039758197
Uttara Kannada,2025-09-30,869,0.5944954128440367
Vijayapura,2025-11-30,990,0.5942028985507246
Hardoi,2025-11-30,4993,0.5941890166028096
Jalaun,2025-12-31,3972,0.5926222935044105
Pratapgarh,2025-07-31,3166,0.5925553319919517
Siddharthnagar,2025-11-30,2861,0.5912124582869855
Gadag,2025-09-30,856,0.5910780669144982
Hathras,2025-11-30,2151,0.5898004434589801
Dohad,2025-11-30,213,0.5895522388059702
Hooghly,2025-11-30,7600,0.5886287625418061
Tawang,2025-12-31,46,0.5862068965517242
Rupnagar,2025-11-30,471,0.5858585858585859
Vadodara,2025-09-30,4131,0.5845799769850404
Cuddapah,2025-10-31,3071,0.5838060856111398
Rangareddi,2025-11-30,1045,0.5833333333333333
Khandwa,2025-09-30,420,0.5789473684210527
Ranchi,2025-09-30,2799,0.5786802030456852
Mumbai( Sub Urban ),2025-12-31,396,0.5776892430278884
Hasan,2025-11-30,529,0.5744047619047619
Dhule,2025-11-30,4530,0.5723707046164526
Budgam,2025-04-30,1138,0.5718232044198894
Kottayam,2025-12-31,2978,0.5715039577836412
Dr. B. R. Ambedkar Konaseema,2025-09-30,465,0.570945945945946
Bhadrak,2025-11-30,1552,0.5708502024291497
Ariyalur,2025-11-30,776,0.5708502024291497
Dakshin Dinajpur,2025-07-31,1726,0.570518653321201
Bathinda,2025-09-30,1228,0.5703324808184143
Ganganagar,2025-06-30,1245,0.5680100755667505
Gondiya *,2025-12-31,141,0.5666666666666667
Damoh,2025-07-31,2508,0.566520924422236
Supaul,2025-11-30,3380,0.5662650602409638
Hanumangarh,2025-11-30,1129,0.565880721220527
Paschim Medinipur,2025-11-30,9940,0.5648614609571789
Rajsamand,2025-11-30,1089,0.5646551724137931
Kawardha,2025-06-30,7454,0.5639949643306756
Nandyal,2025-10-31,472,0.5629139072847682
Khorda,2025-11-30,1198,0.5619295958279009
South Goa,2025-11-30,660,0.5602836879432624
Purba Medinipur,2025-12-31,6424,0.559601845108036
Lucknow,2025-07-31,6659,0.5594847775175644
New Delhi,2025-11-30,145,0.5591397849462365
Jogulamba Gadwal,2025-10-31,1046,0.5588673621460507
Sitapur,2025-11-30,5375,0.5575195595479572
Kendujhar,2025-11-30,1581,0.5561023622047243
Jyotiba Phule Nagar,2025-11-30,28,0.5555555555555556
Pathanamthitta,2025-11-30,1345,0.5549132947976878
Viluppuram,2025-12-31,3151,0.5522167487684728
Bishnupur,2025-11-30,3638,0.5520477815699658
Amroha,2025-12-31,6588,0.5515779557230334
Bulandshahr,2025-07-31,5751,0.5505527096252358
Sagar,2025-06-30,1699,0.5487693710118504
Morena,2025-12-31,3952,0.5485893416927901
Uttar Dinajpur,2025-09-30,11536,0.5484563758389263
Bankura,2025-12-31,7845,0.5464222353636901
Dholpur,2025-11-30,1234,0.5463659147869675
Nirmal,2025-11-30,1947,0.5452380952380953
Saharsa,2025-09-30,5022,0.5447554598585052
Mandsaur,2025-11-30,1254,0.5443349753694582
Rae Bareli,2025-11-30,3080,0.5430861723446894
Dausa,2025-11-30,1111,0.5430555555555556
Deeg ,2025-11-30,54,0.5428571428571429
Pune,2025-12-31,34109,0.5409532414727807
Hapur,2025-09-30,1357,0.540295119182747
Uttar Dinajpur,2025-11-30,6202,0.5393397865475305
Bhind,2025-12-31,3668,0.5385906040268456
Vizianagaram,2025-07-31,718,0.537473233404711
Thrissur,2025-11-30,3341,0.5367985280588776
Shaheed Bhagat Singh Nagar,2025-11-30,315,0.5365853658536586
Palghar,2025-09-30,2314,0.5344827586206897
Kamareddy,2025-10-31,865,0.5336879432624113
Gurgaon,2025-06-30,1874,0.5335515548281506
Daman,2025-12-31,259,0.5325443786982249
Bhagalpur,2025-11-30,4709,0.5313821138211383
Lakhimpur,2025-12-31,1927,0.5305798252581413
Chittoor,2025-06-30,2941,0.5301768990634756
Dehradun,2025-07-31,5582,0.5284775465498357
Budaun,2025-11-30,5253,0.5283677625836485
Shahdara,2025-06-30,1829,0.5279866332497911
South 24 Parganas,2025-11-30,12899,0.5270510240322008
Tiruvannamalai,2025-12-31,4022,0.5263757115749526
Koppal,2025-06-30,816,0.5252336448598132
Rohtas,2025-11-30,4262,0.5248658318425761
Thoothukkudi,2025-11-30,1852,0.5230263157894737
Ujjain,2025-06-30,1833,0.5224252491694352
North Garo Hills,2025-12-31,137,0.5222222222222221
Hailakandi,2025-09-30,1073,0.521985815602837
Deeg ,2025-10-31,35,0.5217391304347827
Ganganagar,2025-11-30,1344,0.5203619909502262
Satna,2025-09-30,2616,0.518282066163668
Kondagaon,2025-12-31,3590,0.5173288250211328
Almora,2025-11-30,559,0.5149051490514904
Bulandshahr,2025-11-30,5125,0.5135853514471354
Chickmagalur,2025-11-30,476,0.5111111111111111
Rampur,2025-07-31,14254,0.5110781299692568
Bengaluru South,2025-11-30,216,0.5104895104895104
Kokrajhar,2025-11-30,651,0.5104408352668213
Papum Pare,2025-11-30,160,0.509433962264151
Sakti,2025-09-30,300,0.5075376884422111
Chandauli,2025-12-31,6086,0.5064356435643564
Lakshadweep,2025-12-31,125,0.5060240963855422
N. T. R,2025-11-30,1021,0.5058997050147493
Koppal,2025-11-30,956,0.5055118110236221
Jamnagar,2025-09-30,2079,0.5054308472121651
Kasaragod,2025-11-30,1451,0.5036269430051814
Gondiya,2025-11-30,5655,0.5015932023366967
Puri,2025-11-30,1204,0.5012468827930174
Chirang,2025-11-30,617,0.5012165450121655
Tiruppur,2025-12-31,5216,0.5005753739930956
Ernakulam,2025-11-30,3616,0.5004149377593361
Mangan,2025-11-30,3,0.5
KOLKATA,2025-11-30,3,0.5
Yanam,2025-10-31,6,0.5
Nandurbar *,2025-10-31,30,0.5
NUAPADA,2025-10-31,12,0.5
Lahaul and Spiti,2025-11-30,3,0.5
Tirupathur,2025-10-31,3,0.5
Pakke Kessang,2025-12-31,3,0.5
Jajpur,2025-10-31,12,0.5
Mon,2025-10-31,183,0.5
Madurai,2025-12-31,7041,0.49808510638297876
Mahendragarh,2025-11-30,579,0.49612403100775193
Thiruvallur,2025-12-31,190,0.49606299212598426
Baleswar,2025-11-30,1314,0.49488054607508536
Mysuru,2025-11-30,977,0.4938837920489296
East Singhbhum,2025-12-31,4403,0.49355495251017634
Khordha,2025-11-30,451,0.4933774834437086
Sibsagar,2025-11-30,718,0.4927234927234927
Reasi,2025-11-30,225,0.490066225165563
Palghar,2025-12-31,8943,0.48901098901098905
Gajapati,2025-12-31,1203,0.48886138613861396
Tonk,2025-11-30,1124,0.48874172185430464
Deoria,2025-11-30,4082,0.48598471059337456
Karimganj,2025-11-30,1508,0.48571428571428577
Chikkamagaluru,2025-11-30,380,0.484375
Pandhurna,2025-12-31,92,0.4838709677419355
Tumakuru,2025-05-31,488,0.48328267477203646
Simdega,2025-11-30,774,0.48275862068965525
Jalpaiguri,2025-09-30,7019,0.4823653643083421
Bangalore Rural,2025-11-30,1024,0.48191027496382044
South Sikkim,2025-11-30,40,0.4814814814814814
Namsai,2025-11-30,80,0.4814814814814814
Ri Bhoi,2025-11-30,228,0.48051948051948057
Mandya,2025-06-30,718,0.4804123711340207
Dhalai  *,2025-12-31,37,0.48
Rudraprayag,2025-11-30,182,0.47967479674796754
Bastar,2025-07-31,2696,0.47888096544157976
Uttar Dinajpur,2025-07-31,7450,0.47846794999007747
Andamans,2025-11-30,34,0.4782608695652173
Palamu,2025-12-31,5897,0.4764646970455684
Udham Singh Nagar,2025-09-30,2529,0.4763572679509631
Ramanathapuram,2025-11-30,1618,0.4762773722627738
Bajali,2025-11-30,31,0.4761904761904763
Pashchimi Singhbhum,2025-11-30,549,0.47580645161290325
Banda,2025-12-31,4848,0.4757990867579909
Yavatmal,2025-07-31,891,0.4751655629139073
Hugli,2025-11-30,59,0.4750000000000001
Singrauli,2025-11-30,1531,0.4749518304431599
Churachandpur,2025-10-31,553,0.47466666666666657
Maharajganj,2025-09-30,4160,0.47413182140326016
Alirajpur,2025-12-31,1370,0.4731182795698925
Mauganj,2025-12-31,355,0.4730290456431536
Sheopur,2025-11-30,777,0.47159090909090917
Eastern West Khasi Hills,2025-12-31,25,0.47058823529411775
Mainpuri,2025-11-30,2001,0.47024246877296116
Hailakandi,2025-11-30,810,0.47005444646097994
Kushinagar,2025-07-31,8152,0.46777097587324445
Mewat,2025-06-30,2033,0.4668109668109668
Baran,2025-11-30,1068,0.46502057613168724
Virudhunagar,2025-12-31,3649,0.46193910256410264
Surendranagar,2025-11-30,38,0.46153846153846145
Rewa,2025-11-30,2620,0.4612381483547128
Palnadu,2025-06-30,1435,0.4598168870803663
Mammit,2025-12-31,35,0.45833333333333326
Purulia,2025-12-31,516,0.4576271186440677
Moradabad,2025-11-30,3602,0.45653052972098673
Muktsar,2025-11-30,176,0.4545454545454546
Kurung Kumey,2025-11-30,16,0.4545454545454546
Mandya,2025-11-30,1124,0.4540750323415266
Dharwad,2025-11-30,1320,0.45374449339207046
Anugul,2025-11-30,74,0.4509803921568627
yadgir,2025-11-30,110,0.44736842105263164
Nalanda,2025-09-30,13186,0.44726155197014594
Jalpaiguri,2025-12-31,10191,0.4471740982675376
Hoshiarpur,2025-09-30,1202,0.44471153846153855
ANUGUL,2025-12-31,13,0.4444444444444444
Firozpur,2025-11-30,348,0.44398340248962653
Anantapur,2025-10-31,2394,0.44216867469879517
Dakshina Kannada,2025-11-30,2154,0.4417670682730923
Thrissur,2025-09-30,2442,0.44070796460177
Baran,2025-09-30,1608,0.43828264758497326
Kiphire,2025-10-31,69,0.4375
Panna,2025-11-30,1262,0.43735763097949887
Goalpara,2025-11-30,1190,0.4371980676328502
Dewas,2025-05-31,1935,0.43439584877687176
Birbhum,2025-11-30,5345,0.43412932653608793
Pondicherry,2025-12-31,582,0.4334975369458127
Anakapalli,2025-10-31,417,0.4329896907216495
Sangrur,2025-11-30,1109,0.4309677419354838
Nawanshahr,2025-12-31,259,0.430939226519337
Hanumakonda,2025-11-30,870,0.430921052631579
Chandigarh,2025-07-31,2472,0.4305555555555556
Vidisha,2025-07-31,761,0.43045112781954886
Burhanpur,2025-11-30,349,0.430327868852459
Kalahandi,2025-11-30,1606,0.4300979519145147
Uttarkashi,2025-11-30,260,0.4285714285714286
West Singhbhum,2025-11-30,2148,0.42819148936170204
Kurnool,2025-05-31,4803,0.4277645659928657
Dehradun,2025-11-30,1747,0.42728758169934644
Howrah,2025-12-31,7065,0.42698444758634624
Imphal West,2025-09-30,768,0.42486085343228197
Tumakuru,2025-11-30,815,0.4248251748251748
Rangareddy,2025-11-30,175,0.4227642276422765
Shimoga,2025-11-30,684,0.4220374220374221
Chhindwara,2025-12-31,3100,0.4207149404216315
Palwal,2025-07-31,7145,0.41822151647479155
Eastern West Khasi Hills,2025-11-30,17,0.41666666666666674
Jaipur,2025-09-30,5127,0.4147350993377483
Firozpur,2025-12-31,492,0.4137931034482758
Shivamogga,2025-11-30,742,0.41333333333333333
Ri Bhoi,2025-12-31,322,0.4122807017543859
Lower Siang,2025-12-31,24,0.41176470588235303
Eluru,2025-10-31,629,0.41031390134529144
Jorhat,2025-11-30,731,0.4084778420038535
Palghar,2025-10-31,3258,0.40795159896283484
South Twenty Four Parganas,2025-11-30,2240,0.40791954745443126
Malda,2025-09-30,5795,0.4068948773974266
Narayanpur,2025-11-30,104,0.4054054054054055
Hamirpur,2025-12-31,3131,0.4046657694033198
Faizabad,2025-11-30,2778,0.40444893832153683
Balaghat,2025-11-30,1146,0.40441176470588225
Kathua,2025-11-30,484,0.40289855072463765
Nizamabad,2025-09-30,2023,0.40194040194040204
Parvathipuram Manyam,2025-11-30,315,0.3999999999999999
Pakke Kessang,2025-10-31,7,0.3999999999999999
Thane,2025-12-31,28893,0.39917675544794196
Pilibhit,2025-12-31,7238,0.3951426368542792
Seraikela-Kharsawan,2025-12-31,1818,0.39417177914110435
Jamtara,2025-12-31,1956,0.3941553813257306
Sonapur,2025-10-31,556,0.3934837092731829
Alluri Sitharama Raju,2025-11-30,422,0.3927392739273927
Kaimur (Bhabua),2025-11-30,2132,0.3925538863487916
Prakasam,2025-11-30,3859,0.39063063063063064
Seoni,2025-11-30,1065,0.39033942558746726
West Midnapore,2025-12-31,2309,0.39012642986152923
Marigaon,2025-11-30,1337,0.38981288981288986
Rajanna Sircilla,2025-11-30,464,0.3892215568862276
Sundergarh,2025-11-30,1114,0.38902743142144636
Bardhaman,2025-11-30,1076,0.3848133848133848
Saharanpur,2025-09-30,3478,0.38345266507557674
Nicobar,2025-11-30,29,0.38095238095238093
Patan,2025-07-31,1133,0.3800243605359317
Nandyal,2025-07-31,1575,0.37674825174825166
Sikar,2025-11-30,1671,0.37644151565074124
Gondiya,2025-06-30,1208,0.3758542141230068
Kheri,2025-11-30,4474,0.3757687576875768
Kurung Kumey,2025-10-31,11,0.375
West Siang,2025-12-31,187,0.375
Bhojpur,2025-09-30,10311,0.37461671777096384
Jhalawar,2025-11-30,1112,0.3745364647713225
Haveri,2025-11-30,1090,0.37452711223203017
South Garo Hills,2025-12-31,125,0.37362637362637363
Nalbari,2025-11-30,581,0.3735224586288417
Bengaluru,2025-11-30,6816,0.37142857142857144
Budgam,2025-07-31,495,0.37119113573407203
Faridkot,2025-11-30,381,0.3705035971223021
Uttar Dinajpur,2025-12-31,8488,0.3685907771686552
Bharatpur,2025-09-30,2328,0.36780258519388953
Gomati,2025-10-31,253,0.3675675675675676
Chickmagalur,2025-09-30,492,0.3666666666666667
Sirmaur,2025-11-30,317,0.3663793103448276
Bangalore,2025-11-30,2166,0.36483931947069936
Ratlam,2025-12-31,2292,0.3642857142857143
Datia,2025-11-30,573,0.3642857142857143
Jalor,2025-11-30,1087,0.3638644918444165
Guna,2025-12-31,2414,0.3638418079096044
Ballia,2025-11-30,3666,0.3623188405797102
Puducherry,2025-11-30,749,0.3618181818181818
Sonitpur,2025-11-30,1288,0.36152219873150115
Sant Kabir Nagar,2025-11-30,1925,0.3613861386138615
Komaram Bheem,2025-12-31,1470,0.36111111111111116
Sahebganj,2025-12-31,3397,0.36043251902282747
Jhansi,2025-11-30,2418,0.35995500562429705
Sehore,2025-11-30,522,0.359375
Harda *,2025-12-31,140,0.35922330097087385
Nagpur,2025-10-31,3957,0.35839340885684856
Sultanpur,2025-11-30,2712,0.35803705558337495
Ananthapuramu,2025-10-31,1052,0.3574193548387097
Chengalpattu,2025-11-30,1090,0.35740971357409723
Harda,2025-05-31,593,0.3569794050343249
Kakinada,2025-11-30,871,0.35458786936236386
Basti,2025-11-30,2780,0.35411592791037516
Belgaum,2025-11-30,2047,0.3511551155115511
Nalgonda,2025-12-31,6692,0.3508276140492532
Nawanshahr,2025-11-30,181,0.35074626865671643
Bellary,2025-11-30,929,0.35029069767441867
Gautam Buddha Nagar,2025-05-31,1505,0.3485663082437276
Purnea,2025-12-31,178,0.3484848484848484
Jhunjhunun,2025-11-30,1534,0.3479789103690685
Jharsuguda,2025-11-30,434,0.34782608695652173
East Delhi,2025-07-31,4662,0.3473988439306359
Sribhumi,2025-11-30,195,0.3448275862068966
Cachar,2025-11-30,2115,0.3445645263827082
Puruliya,2025-12-31,8908,0.3435897435897435
Raigarh,2025-12-31,13630,0.34338655627833625
Thane,2025-10-31,10240,0.34295081967213115
Chamrajnagar,2025-11-30,98,0.34246575342465757
Komaram Bheem,2025-09-30,1051,0.3422733077905491
Raigarh,2025-09-30,3658,0.3414008067473413
West,2025-12-31,126,0.34042553191489366
Sheohar,2025-11-30,784,0.3401709401709401
N. T. R,2025-07-31,785,0.3395904436860069
Lakhisarai,2025-12-31,3319,0.3388463089955627
Ghaziabad,2025-07-31,4750,0.3380281690140845
Nalgonda,2025-11-30,4954,0.33783418849581426
Saharanpur,2025-11-30,4442,0.3363417569193743
Aligarh,2025-12-31,10045,0.3347063513154398
Vijayapura,2025-09-30,1021,0.3346405228758169
Tumkur,2025-11-30,987,0.3337837837837838
Sonbhadra,2025-09-30,2914,0.3336384439359268
Tseminyu,2025-11-30,4,0.33333333333333326
Mahrajganj,2025-12-31,4,0.33333333333333326
Yanam,2025-11-30,8,0.33333333333333326
Janjgir - Champa,2025-12-31,12,0.33333333333333326
Parbhani,2025-11-30,8149,0.33284265619888775
Kurnool,2025-11-30,4671,0.3315279361459522
Kanpur Dehat,2025-11-30,1782,0.3308439133681853
Morena,2025-06-30,2063,0.3301096067053513
Harda,2025-11-30,194,0.3287671232876712
Balaghat,2025-06-30,3640,0.32846715328467146
Lakhimpur,2025-11-30,1259,0.32805907172995785
Mandya,2025-09-30,953,0.3272980501392757
Dhubri,2025-11-30,1840,0.3237410071942446
Rajnandgaon,2025-09-30,2515,0.32229232386961093
Samba,2025-06-30,271,0.3219512195121952
Dibrugarh,2025-11-30,928,0.32193732193732183
Morena,2025-07-31,2726,0.32137663596703825
Belagavi,2025-11-30,1475,0.3205013428827215
Vikarabad,2025-09-30,2526,0.32043910088865646
Nagpur,2025-09-30,2913,0.31989125509741734
Bharatpur,2025-11-30,2238,0.3195754716981132
Chumukedima,2025-11-30,91,0.318840579710145
Raigarh(MH),2025-12-31,91,0.318840579710145
South Andaman,2025-11-30,146,0.3153153153153154
South Dinajpur,2025-12-31,449,0.3128654970760234
Yamunanagar,2025-12-31,42,0.3125
Noklak,2025-11-30,21,0.3125
Ludhiana,2025-11-30,2937,0.31116071428571423
Nuapada,2025-10-31,557,0.3105882352941176
Kodarma,2025-10-31,114,0.31034482758620685
Puducherry,2025-09-30,542,0.3091787439613527
JAJPUR,2025-11-30,438,0.30746268656716413
Malkangiri,2025-11-30,821,0.3073248407643312
Sikar,2025-07-31,2051,0.307202039515615
Jagatsinghpur,2025-11-30,226,0.3063583815028901
Mahabubnagar,2025-11-30,3324,0.306090373280943
Korba,2025-11-30,1598,0.3055555555555556
Udhampur,2025-04-30,616,0.30508474576271194
Gwalior,2025-06-30,4919,0.3044285335454786
Barabanki,2025-11-30,180,0.30434782608695654
Datia,2025-07-31,3417,0.3032036613272311
Anantnag,2025-11-30,884,0.30191458026509577
Karaikal,2025-09-30,207,0.3018867924528301
Nagapattinam,2025-09-30,1752,0.2997032640949555
Davanagere,2025-11-30,124,0.29166666666666674
Chittorgarh,2025-07-31,1055,0.2913096695226438
Udhampur,2025-11-30,457,0.29096045197740117
Bhadradri Kothagudem,2025-11-30,1498,0.29026701119724385
North Dinajpur,2025-12-31,307,0.2899159663865547
Raisen,2025-11-30,1001,0.28828828828828823
Dhanbad,2025-12-31,5463,0.28783592644978784
Wanaparthy,2025-12-31,1106,0.28604651162790695
Chikmagalur,2025-10-31,54,0.2857142857142858
Aurangabad(bh),2025-11-30,27,0.2857142857142858
Bhabua,2025-12-31,9,0.2857142857142858
Janjgir - Champa,2025-11-30,9,0.2857142857142858
Jogulamba Gadwal,2025-11-30,1342,0.282982791586998
Udhampur,2025-10-31,354,0.28260869565217384
Jangaon,2025-10-31,41,0.28125
Vikarabad,2025-12-31,2751,0.280130293159609
Gadag *,2025-11-30,32,0.28
North Cachar Hills,2025-11-30,101,0.2784810126582278
Gulbarga,2025-11-30,887,0.2780979827089338
Satna,2025-11-30,1703,0.2766116941529235
Warangal Rural,2025-11-30,832,0.2760736196319018
Boudh,2025-11-30,338,0.2754716981132075
Seraikela-kharsawan,2025-12-31,658,0.27519379844961245
Bhadradri Kothagudem,2025-12-31,1907,0.2730307076101468
Malkangiri,2025-10-31,628,0.27125506072874495
Bijapur,2025-11-30,1363,0.26908752327746743
Rangareddi,2025-09-30,750,0.2690355329949239
Udupi,2025-11-30,1006,0.2686002522068096
Ajmer,2025-07-31,5637,0.26845184518451837
Bhind,2025-07-31,3008,0.2681281618887015
Imphal East,2025-09-30,667,0.26806083650190105
Kanyakumari,2025-11-30,745,0.26700680272108834
Pune,2025-10-31,8628,0.2669603524229074
Vidisha,2025-09-30,964,0.2667542706964521
North Sikkim,2025-12-31,38,0.2666666666666666
Jayashankar Bhupalpally,2025-12-31,747,0.26610169491525415
Chitradurga,2025-11-30,1223,0.26604554865424435
Suryapet,2025-11-30,2194,0.26601269474899025
South Twenty Four Parganas,2025-12-31,2832,0.26428571428571423
Khammam,2025-10-31,3519,0.26400862068965525
Villupuram,2025-12-31,2752,0.26354453627180896
Hanumakonda,2025-12-31,1099,0.26321839080459775
Kodarma,2025-11-30,144,0.26315789473684204
Chandel,2025-11-30,600,0.26315789473684204
Dhemaji,2025-11-30,557,0.2630385487528344
Mansa,2025-10-31,663,0.2628571428571429
Komaram Bheem,2025-11-30,1080,0.26168224299065423
Gomati,2025-11-30,319,0.26086956521739135
Longleng,2025-10-31,29,0.26086956521739135
Khandwa,2025-11-30,348,0.26086956521739135
Baksa,2025-11-30,484,0.26041666666666674
Raichur,2025-11-30,1402,0.25965858041329737
Cooch Behar,2025-12-31,5009,0.2582265762371263
Samstipur,2025-12-31,39,0.25806451612903225
Badgam,2025-11-30,298,0.2573839662447257
Gajapati,2025-11-30,808,0.2566096423017108
Jalandhar,2025-09-30,1761,0.25606276747503576
Hisar,2025-05-31,2868,0.25569176882662004
Hardwar,2025-11-30,59,0.25531914893617014
Hassan,2025-11-30,861,0.2551020408163265
Alwar,2025-11-30,3085,0.2550854353132628
Amethi,2025-11-30,2257,0.254585881045025
Annamayya,2025-10-31,568,0.2538631346578366
Umaria,2025-11-30,403,0.2515527950310559
Bidar,2025-11-30,1321,0.2509469696969697
Barwani,2025-11-30,1293,0.2504835589941974
